"id","setting","identified","screen","latent","incidents","p_screen","p_ltbi","id_per_inc","screen_per_inc","latent_per_inc","screen_per_inc2","latent_per_inc2","total_cost"
"Bootstrap001","commercial",9,7,0,1,0.78,0,8,7,0,6.24,0,1796.04659894044
"Bootstrap001","education",349,298.5,8,11.5,0.83,0.02,30.88,25.96,0.88,25.63,0.51,33768.273124651
"Bootstrap001","factory/workplace",55.5,40.5,4.5,5,0.81,0.09,12.93,10.33,1.06,10.47,0.94,10404.287630811
"Bootstrap001","hospital/clinic/care centre",54,46,0.5,3.5,0.82,0.02,13,11,0.17,10.66,0.21,7163.61839837156
"Bootstrap001","other",135,107,4,3,0.83,0.06,39,26.13,1.3,32.37,1.94,10161.5042988373
"Bootstrap002","commercial",40,38,0,5,0.88,0,8.6,8,0,7.57,0,9320.56022759822
"Bootstrap002","education",429,314.5,6.5,8.5,0.81,0.03,48.55,33.74,0.65,39.33,1.18,31647.0517202034
"Bootstrap002","factory/workplace",96,83.5,4,7,0.87,0.06,15.59,12.18,0.63,13.56,0.81,15653.5028376673
"Bootstrap002","hospital/clinic/care centre",44,34,1,3,0.8,0.04,11.2,9.53,0.67,8.96,0.36,5893.94673216853
"Bootstrap002","other",72,15,1,4,0.33,0.04,8.16,3.75,0.25,2.69,0.11,6511.76574221426
"Bootstrap003","commercial",39,36,3,2,0.92,0.07,9.75,9,0.71,8.97,0.63,3951.17651615289
"Bootstrap003","education",637.5,486,7,7,0.8,0.03,58.55,44.03,0.68,46.84,1.41,29032.5312465863
"Bootstrap003","factory/workplace",86.5,67,7,6,0.79,0.09,18.88,15.75,2.43,14.92,1.34,14089.1777394756
"Bootstrap003","hospital/clinic/care centre",59,39,1.5,4,0.74,0.04,9.47,5.98,0.45,7.01,0.28,7426.75475297394
"Bootstrap003","other",114,106,4.5,4,0.96,0.04,22.5,21.33,1.04,21.6,0.86,10654.7214910578
"Bootstrap004","commercial",20,14,2,4,0.85,0.08,13,11,0.5,11.05,0.88,8424.73368024178
"Bootstrap004","education",722.5,560,11.5,9,0.82,0.03,70.71,58.19,0.93,57.98,1.74,42890.9790729165
"Bootstrap004","factory/workplace",75,74,10,4,0.88,0.08,15.2,14.8,2,13.38,1.07,8965.47686708338
"Bootstrap004","hospital/clinic/care centre",51,40,1,5,0.62,0.04,12.75,8,0.25,7.91,0.32,9582.65433806222
"Bootstrap004","other",49,49,0,2,0.79,0.03,15,9,0,11.85,0.36,4244.87730104889
"Bootstrap005","commercial",18,16,1,3,1,0.08,6.5,6,0.33,6.5,0.52,5502.37616955733
"Bootstrap005","education",339,291.5,4.5,8,0.85,0.01,33.08,28.42,0.57,28.12,0.28,24434.212602616
"Bootstrap005","factory/workplace",122,98.5,6,8,0.81,0.05,14.37,11.4,0.6,11.64,0.58,16982.0990848023
"Bootstrap005","hospital/clinic/care centre",44,25.5,0,3,0.78,0,14.67,6.8,0,11.44,0,6237.88783514965
"Bootstrap005","other",103.5,43.5,3,3,0.74,0.07,20.12,7.75,1.25,14.89,1.04,7000.91546515285
"Bootstrap006","commercial",21,14,0.5,2.5,0.88,0.03,8.33,8,0.08,7.33,0.22,4660.95028823751
"Bootstrap006","education",464,329.5,4,6,0.82,0.02,37.61,31.28,0.69,30.84,0.62,19361.6885691358
"Bootstrap006","factory/workplace",123.5,107.5,14,8.5,0.83,0.09,16.47,13.94,1.73,13.67,1.23,19297.6915813336
"Bootstrap006","hospital/clinic/care centre",24.5,11,1.5,2.5,0.71,0.12,16.5,5.67,0.9,11.71,1.41,5461.05965383111
"Bootstrap006","other",117,51,6,3,0.69,0.04,27.5,17.15,0.77,18.97,0.76,7642.78402453333
"Bootstrap007","commercial",26,22,0,7,0.79,0.02,13,11,0,10.27,0.21,14192.4020530631
"Bootstrap007","education",590,485,10.5,8,0.76,0.03,41.44,32.85,0.98,31.49,0.94,26347.2818806602
"Bootstrap007","factory/workplace",102.5,96.5,7,5,0.9,0.08,22.02,20.62,1.54,19.82,1.59,13088.1778202254
"Bootstrap007","hospital/clinic/care centre",32,14,1,1,0.88,0.04,12,8,0.25,10.56,0.42,2050.43950338844
"Bootstrap007","other",146,110.5,5,2.5,0.89,0.06,53,32,1.5,47.17,2.83,10567.4041501511
"Bootstrap008","commercial",18,15,1,4,0.92,0.07,8,8,0.5,7.36,0.52,7530.17046744178
"Bootstrap008","education",740.5,636,6.5,8.5,0.84,0.03,75.42,55.95,0.93,63.35,1.9,43002.686778108
"Bootstrap008","factory/workplace",129.5,120.5,7,5.5,0.89,0.08,18.02,16.73,1.02,16.04,1.28,13180.798775304
"Bootstrap008","hospital/clinic/care centre",62.5,49.5,1,3.5,0.84,0.03,15.18,9.33,0.32,12.75,0.38,7590.80658879972
"Bootstrap008","other",169.5,77,3,5,0.59,0.05,32.86,14.81,1.55,19.39,0.97,13010.8108045198
"Bootstrap009","commercial",25,23,0.5,2.5,0.97,0.09,9.9,8.3,0.5,9.6,0.86,5052.72237370311
"Bootstrap009","education",457,370,8,6.5,0.82,0.02,44.66,38.44,0.82,36.62,0.73,23055.1393124102
"Bootstrap009","factory/workplace",73.5,57,7.5,6.5,0.77,0.09,15.3,13.7,2,11.78,1.06,14053.9211283513
"Bootstrap009","hospital/clinic/care centre",61,39,1,4,0.74,0.02,15,7,0.5,11.1,0.22,8308.00695409778
"Bootstrap009","other",56,40,2.5,2,0.84,0.05,22,13.71,0.5,18.48,0.92,5022.40103685689
"Bootstrap010","commercial",34,29.5,2.5,3,0.9,0.08,10.5,9.5,0.44,9.45,0.76,6030.18351714133
"Bootstrap010","education",448.5,404,6,8.5,0.86,0.02,54.32,44.66,0.77,46.72,0.93,34816.3480624088
"Bootstrap010","factory/workplace",111,89,3.5,8,0.83,0.07,15.06,12.06,0.92,12.5,0.88,17487.6722676349
"Bootstrap010","hospital/clinic/care centre",19,4,0.5,2,0.56,0.04,9,2.5,0.17,5.04,0.2,3505.46357714489
"Bootstrap010","other",80.5,61,5.5,1,0.91,0.08,53,32,1.5,48.23,3.86,4341.07387702044
"Bootstrap011","commercial",39,33.5,1,3.5,0.9,0.06,13,10.56,0.58,11.7,0.7,7446.22945661155
"Bootstrap011","education",635,533,9.5,8.5,0.81,0.02,58.11,46.89,0.82,47.07,0.94,35095.9903025317
"Bootstrap011","factory/workplace",108.5,91,5.5,6.5,0.87,0.07,16.99,15.66,0.84,14.78,1.03,15048.8481193708
"Bootstrap011","hospital/clinic/care centre",55.5,25,0.5,2.5,0.76,0.01,14.35,10.33,0.17,10.91,0.11,5146.11812435911
"Bootstrap011","other",42.5,28.5,2,1.5,0.78,0.04,16.67,11.5,0.63,13,0.52,3293.16898151083
"Bootstrap012","commercial",34,30,2,3,0.92,0.08,8.67,8,0.57,7.98,0.64,5769.04091009365
"Bootstrap012","education",224.5,156.5,3,6.5,0.82,0.02,33.34,26.27,0.49,27.34,0.55,19714.3146014316
"Bootstrap012","factory/workplace",57,47.5,3.5,5.5,0.79,0.07,13.2,10.4,0.65,10.43,0.73,11370.4791854876
"Bootstrap012","hospital/clinic/care centre",42.5,23,2,3.5,0.61,0.06,14.45,6.05,0.62,8.81,0.53,6931.07637959396
"Bootstrap012","other",166,122,7,6,0.73,0.07,50,12.5,0.83,36.5,2.56,22031.3841770667
"Bootstrap013","commercial",24,24,0,3,0.86,0,8,8,0,6.88,0,5482.96862754133
"Bootstrap013","education",401.5,360.5,8,7.5,0.85,0.02,38.9,34.43,0.94,33.06,0.66,25080.7671732693
"Bootstrap013","factory/workplace",181,155.5,4,7.5,0.88,0.05,21.75,18.21,0.92,19.14,0.96,19089.0452008533
"Bootstrap013","hospital/clinic/care centre",30.5,24,2,2,0.92,0.03,10.62,9,0.75,9.77,0.29,3996.32024512057
"Bootstrap013","other",131.5,88.5,6,3,0.72,0.07,12.89,10.04,1.26,9.28,0.65,6013.60967630677
"Bootstrap014","commercial",18,15,1,4,0.84,0.07,11.33,9.5,0.25,9.52,0.67,8045.63950732402
"Bootstrap014","education",354,298.5,3,9.5,0.85,0.03,29.44,24,0.63,25.02,0.75,27691.834292996
"Bootstrap014","factory/workplace",59,49,1.5,4.5,0.81,0.03,13.75,11.67,0.33,11.14,0.33,9362.79642656
"Bootstrap014","hospital/clinic/care centre",41,25.5,1.5,3,0.53,0.04,11.23,5.02,0.29,5.95,0.24,5426.72579648341
"Bootstrap014","other",30.5,24,2,2.5,0.78,0.05,12.33,9.75,0.79,9.62,0.48,5022.29421815751
"Bootstrap015","commercial",26,22,0,4,0.92,0.02,6.6,6.6,0,6.07,0.12,7157.19921542258
"Bootstrap015","education",788,660,13.5,10,0.81,0.04,51.63,43.46,1.1,41.82,1.67,38877.446183606
"Bootstrap015","factory/workplace",161.5,130.5,12,6.5,0.86,0.09,18.07,16.03,1.08,15.54,1.4,15464.8462844114
"Bootstrap015","hospital/clinic/care centre",42.5,17,2,2.5,0.69,0.06,9.75,6.58,0.5,6.73,0.4,4627.90955559111
"Bootstrap015","other",114,34,4,4,0.64,0.07,38,10,0.67,24.32,1.7,11639.1454127218
"Bootstrap016","commercial",26,22,1,3,0.85,0.05,13,11,0.33,11.05,0.55,6259.18986018133
"Bootstrap016","education",405.5,324,6.5,7,0.8,0.03,44.19,35.44,0.82,35.35,1.06,24515.0095479137
"Bootstrap016","factory/workplace",116.5,99,10,6,0.79,0.08,18.19,16.57,2.03,14.37,1.15,13841.4368821111
"Bootstrap016","hospital/clinic/care centre",34,22,0,3,0.86,0,12.67,8,0,10.9,0,6134.10875623765
"Bootstrap016","other",69,24,3.5,3,0.58,0.07,14.88,6.5,0.7,8.63,0.6,5931.95356183381
"Bootstrap017","commercial",17.5,11.5,1,1.5,0.88,0.06,13,11.5,0.6,11.44,0.69,3171.07968945067
"Bootstrap017","education",581,403,6,11,0.84,0.02,44.14,36.64,0.57,37.08,0.74,39250.2405720582
"Bootstrap017","factory/workplace",60,41.5,4,5,0.72,0.11,12.12,8.53,0.9,8.73,0.96,9964.54759584142
"Bootstrap017","hospital/clinic/care centre",53,22,2,3,0.63,0.07,20.33,5.33,0.47,12.81,0.9,6670.03412687701
"Bootstrap017","other",111,51,8,2,0.72,0.07,36,16,0.5,25.92,1.81,6097.84813983289
"Bootstrap018","commercial",13,11,0,3,0.85,0,13,11,0,11.05,0,6160.25586018133
"Bootstrap018","education",908,726,12.5,11,0.83,0.02,71.17,55.62,0.83,59.07,1.18,52665.1841643167
"Bootstrap018","factory/workplace",92,69,2,5,0.86,0.07,15.25,12.88,1.38,13.12,0.92,11098.6593652622
"Bootstrap018","hospital/clinic/care centre",88,24,1,4,0.55,0.06,22,6,0.33,12.1,0.73,8738.79926539378
"Bootstrap018","other",91,49,2,4,0.61,0.07,36,9,0.5,21.96,1.54,11102.8395910258
"Bootstrap019","commercial",39,34.5,2,3.5,0.9,0.09,11.38,10,0.62,10.24,0.92,7217.55562077412
"Bootstrap019","education",902.5,766.5,11,10,0.83,0.03,67.68,57.34,1.11,56.17,1.69,46612.679497142
"Bootstrap019","factory/workplace",60.5,51,2,4.5,0.76,0.04,15.88,12.28,0.67,12.07,0.48,9647.93483017472
"Bootstrap019","hospital/clinic/care centre",31,14,1,2,0.4,0.03,10.33,9.67,0.33,4.13,0.12,3416.51696351801
"Bootstrap019","other",103,52.5,3,1.5,0.81,0.06,18.67,10.39,1.11,15.12,0.91,3497.18945888683
"Bootstrap020","commercial",30,22,1.5,3.5,0.88,0.09,10.1,8.5,0.28,8.89,0.8,6941.25837960676
"Bootstrap020","education",598.5,478.5,10.5,8.5,0.81,0.04,59.18,46.93,1.14,47.94,1.92,35996.7234651787
"Bootstrap020","factory/workplace",104.5,91.5,3,6.5,0.77,0.05,16.73,14.11,0.83,12.88,0.64,14280.1883788447
"Bootstrap020","hospital/clinic/care centre",24,7,0,2,0.4,0.04,10,4,0,4,0.16,3405.85796152889
"Bootstrap020","other",116,90,3,3,0.87,0.07,23.2,15,1,20.18,1.41,7887.89218868053
"Bootstrap021","commercial",24,17,2,4,0.85,0.08,12.67,10,0.29,10.77,0.86,8359.39126666354
"Bootstrap021","education",951,784,10,10.5,0.87,0.02,61.07,54.32,0.72,53.13,1.06,46695.2210622942
"Bootstrap021","factory/workplace",35.5,30,2,2.5,0.84,0.11,14,13,1.5,11.76,1.29,5424.48785063111
"Bootstrap021","hospital/clinic/care centre",24,21,2,3,0.92,0.04,11,5.33,0.67,10.12,0.4,6070.64246254933
"Bootstrap021","other",62.5,17.5,1.5,2.5,0.72,0.07,22,11.23,1,15.84,1.11,5980.50819047111
"Bootstrap022","commercial",16,16,0,2,0.85,0,13,8.8,0,11.05,0,4106.83724012089
"Bootstrap022","education",803,614,9,11,0.88,0.03,67.45,50.83,1.07,59.36,1.78,53056.3816499513
"Bootstrap022","factory/workplace",92.5,71.5,3,3.5,0.81,0.09,18,14.88,1,14.58,1.31,8141.41657245156
"Bootstrap022","hospital/clinic/care centre",47,20.5,2,3.5,0.63,0.11,13.3,7.84,0.7,8.38,0.92,6922.64593996515
"Bootstrap022","other",72,53,1,3,0.78,0.07,20.33,14.5,0.5,15.86,1.11,7159.72757327701
"Bootstrap023","commercial",19,17.5,0,2.5,0.85,0,10.5,9,0,8.92,0,4845.78715975111
"Bootstrap023","education",661.5,518,10,7.5,0.81,0.02,94.06,72.56,1.12,76.19,1.52,43082.6966926677
"Bootstrap023","factory/workplace",94.5,79,12,7.5,0.8,0.1,14.79,13.79,2,11.83,1.18,16273.3964726229
"Bootstrap023","hospital/clinic/care centre",24,19,2,2,0.77,0.05,9,6.33,0.67,6.93,0.35,3710.14583762489
"Bootstrap023","other",49,49,2,2,0.96,0.06,14.5,9.56,0.69,13.92,0.84,4502.95235845689
"Bootstrap024","commercial",26,22,2,3,0.85,0.08,13,11,0.4,11.05,0.88,6318.55026018134
"Bootstrap024","education",491.5,387,4,8,0.82,0.02,58.04,44.64,0.58,47.59,0.95,33239.5612743498
"Bootstrap024","factory/workplace",101,85.5,11.5,5.5,0.81,0.05,17.67,14.83,1.53,14.31,0.72,12518.5506460624
"Bootstrap024","hospital/clinic/care centre",41,28,2,3.5,0.64,0.02,14.17,8.25,0.38,9.07,0.18,6898.6883094986
"Bootstrap024","other",74,51,6,2,0.81,0.06,27.5,16,0.58,22.28,1.34,5491.70485560889
"Bootstrap025","commercial",26,24,2,5,0.9,0.08,13,11,0.75,11.7,0.94,10709.4226523022
"Bootstrap025","education",377,308.5,3,8.5,0.82,0.01,34.6,27.67,0.35,28.37,0.28,26117.483492389
"Bootstrap025","factory/workplace",140,109.5,9,5.5,0.79,0.08,25.44,20.47,1.18,20.1,1.61,14554.1621650179
"Bootstrap025","hospital/clinic/care centre",37.5,35,1,3,0.8,0.04,11.15,9.83,0.45,8.92,0.36,5887.42574892373
"Bootstrap025","other",72,16,3,4,0.69,0.07,22.44,15.44,2,15.48,1.08,9497.4680092581
"Bootstrap026","commercial",16,16,1,3,0.91,0.08,8,8,0.33,7.28,0.58,5646.56704674133
"Bootstrap026","education",976,872.5,15.5,7,0.83,0.03,118.07,98.14,1.77,98,2.94,49012.6534242708
"Bootstrap026","factory/workplace",175.5,154.5,13,6.5,0.85,0.08,19.15,17.31,1.93,16.28,1.3,15691.2459473721
"Bootstrap026","hospital/clinic/care centre",47,26,0,3,0.79,0,13.42,10.67,0,10.6,0,6098.57046170965
"Bootstrap026","other",94,87,4,2,0.94,0.07,8,8,2,7.52,0.53,3782.08923884089
"Bootstrap027","commercial",13,11,0,2,0.85,0,8,8,0,6.8,0,3647.41001580089
"Bootstrap027","education",758,648,12,6.5,0.82,0.02,89.06,69.57,1.12,73.03,1.46,36171.7425179654
"Bootstrap027","factory/workplace",76,68,8,5,0.86,0.08,14.34,13,1.64,12.33,0.99,10906.5313018766
"Bootstrap027","hospital/clinic/care centre",41.5,24,1,2.5,0.85,0.02,13.83,9,0.2,11.76,0.24,5265.40933687751
"Bootstrap027","other",155.5,121,2,3.5,0.9,0.05,17.34,14.81,1.06,15.61,0.78,8199.09138772963
"Bootstrap028","commercial",13,12,1,3,0.85,0.04,7,6,0.25,5.95,0.24,5376.45805640533
"Bootstrap028","education",481,393.5,5,5.5,0.79,0.02,53.67,45.3,0.9,42.4,0.85,21314.1747151184
"Bootstrap028","factory/workplace",148,116.5,5.5,6.5,0.79,0.05,17.75,13.14,0.96,14.02,0.7,14695.8156119609
"Bootstrap028","hospital/clinic/care centre",57,32,1,5,0.63,0.01,12,5.67,0.2,7.56,0.08,9409.41527694222
"Bootstrap028","other",170,150,3,4,0.88,0.04,36,10.71,0.5,31.68,1.27,13204.1286483058
"Bootstrap029","commercial",18,16,1,3,0.99,0.06,6.33,6.33,0.2,6.27,0.38,5441.09364201301
"Bootstrap029","education",885.5,619.5,12.5,6.5,0.78,0.03,64.78,44.72,0.85,50.53,1.52,28346.6791000991
"Bootstrap029","factory/workplace",66.5,54,4,6.5,0.88,0.15,12.36,9.14,1.5,10.88,1.63,13911.4426339718
"Bootstrap029","hospital/clinic/care centre",42,25,1,4,0.71,0.01,8.67,4.67,0.33,6.16,0.06,7193.38803031154
"Bootstrap029","other",116.5,65,2.5,2.5,0.87,0.06,35.83,13,1.33,31.17,1.87,8277.86462103751
"Bootstrap030","commercial",39,36,0,4,0.92,0,9.75,9,0,8.97,0,7751.25383230578
"Bootstrap030","education",739.5,621,9.5,7.5,0.82,0.03,61,48.6,0.98,50.02,1.5,32397.4955723733
"Bootstrap030","factory/workplace",88,81,3.5,5.5,0.88,0.06,16.99,14.96,0.75,14.95,0.9,12736.9489813507
"Bootstrap030","hospital/clinic/care centre",42,23,1.5,3,0.7,0.09,14.75,6,0.5,10.32,0.93,6240.17647150933
"Bootstrap030","other",111,48,6,3,0.8,0.12,11.33,9.07,2,9.06,1.09,6041.62100841301
"Bootstrap031","commercial",26,24,1,2,0.85,0.07,13,11,0.2,11.05,0.77,4199.17564012089
"Bootstrap031","education",909,749,10.5,8,0.88,0.03,66.89,55.03,0.99,58.86,1.77,38366.3563022154
"Bootstrap031","factory/workplace",89,68,3,6,0.81,0.06,13.92,11.17,0.58,11.28,0.68,12655.1726151953
"Bootstrap031","hospital/clinic/care centre",81,28,2,3.5,0.65,0.05,18.82,6.85,0.58,12.23,0.61,7599.6503601994
"Bootstrap031","other",72,15,2,4,0.91,0.04,11.73,8,0.25,10.67,0.43,8221.60991505522
"Bootstrap032","commercial",32,32,0,4,0.92,0,8.67,8,0,7.98,0,7538.55694679154
"Bootstrap032","education",518,418,5.5,7,0.82,0.03,52.73,35.64,0.69,43.24,1.3,27580.3539955706
"Bootstrap032","factory/workplace",149.5,125.5,4,7,0.86,0.06,26.6,20.37,0.79,22.88,1.37,19416.0410461895
"Bootstrap032","hospital/clinic/care centre",30,11,0,2,0.4,0.02,10,4,0,4,0.08,3396.26436152889
"Bootstrap032","other",187.5,178,4.5,5,0.82,0.04,28.75,24.06,0.42,23.57,0.94,13952.6652974222
"Bootstrap033","commercial",89.5,72.5,5,4,0.96,0.08,11.55,9.65,0.7,11.09,0.89,8412.05947157618
"Bootstrap033","education",446.5,384.5,8.5,8,0.81,0.03,49.67,42.51,0.94,40.23,1.21,30190.9513888791
"Bootstrap033","factory/workplace",87.5,76,3,6,0.87,0.03,17.7,14.97,0.39,15.4,0.46,13886.7868270251
"Bootstrap033","hospital/clinic/care centre",30,13,1,2,0.62,0.06,10.5,6.5,0.33,6.51,0.39,3685.33865068089
"Bootstrap033","other",46.5,41,1.5,2.5,0.87,0.03,13,11.25,0.36,11.31,0.34,5216.61606055111
"Bootstrap034","commercial",21.5,18.5,2,3.5,0.88,0.1,5.75,5.08,0.5,5.06,0.51,6158.01641065955
"Bootstrap034","education",267,229,7,8.5,0.76,0.05,25.87,21.83,0.92,19.66,0.98,22001.4698316504
"Bootstrap034","factory/workplace",104.5,88.5,12,6.5,0.78,0.05,18.5,15.79,1.61,14.43,0.72,14854.5456976569
"Bootstrap034","hospital/clinic/care centre",25.5,21.5,0.5,2,0.72,0.01,10.5,7.17,0.33,7.56,0.08,3751.88248428089
"Bootstrap034","other",162,84.5,7,2.5,0.64,0.06,24.27,12.25,1.3,15.53,0.93,5937.72878819271
"Bootstrap035","commercial",10,9,0,3,0.9,0,8,8,0,7.2,0,5530.38304290133
"Bootstrap035","education",711.5,572,8.5,8.5,0.8,0.02,50.99,38.84,0.66,40.79,0.82,32158.6596899391
"Bootstrap035","factory/workplace",91.5,87.5,16,5.5,0.88,0.1,12.77,11.27,2.09,11.24,1.12,11709.75764788
"Bootstrap035","hospital/clinic/care centre",47,22,2,4,0.82,0.14,15.25,12,0.75,12.5,1.75,8955.50745252978
"Bootstrap035","other",322,216,14,5,0.67,0.07,25.8,13.5,1.06,17.29,1.21,12424.3369647502
"Bootstrap036","commercial",105,78,8,7,0.74,0.06,15,11.14,1.14,11.1,0.67,14727.8861696711
"Bootstrap036","education",450,386,5,7,0.86,0.02,38.44,32.67,0.58,33.06,0.66,23395.9609359457
"Bootstrap036","factory/workplace",116.5,100.5,4,6.5,0.84,0.05,16.16,13.47,0.58,13.57,0.68,14502.6159218822
"Bootstrap036","hospital/clinic/care centre",75,44.5,2,5.5,0.68,0.04,19.5,8.5,0.37,13.26,0.53,12210.5346705564
"Bootstrap036","other",53,52,0,1.5,0.96,0,26.88,26.79,0,25.8,0,4347.51516517291
"Bootstrap037","commercial",26,23,1.5,2.5,0.95,0.04,12.2,10.1,0.62,11.59,0.46,5261.25465408711
"Bootstrap037","education",441.5,359.5,7,7.5,0.84,0.03,64.74,50.67,1.23,54.38,1.63,34182.1220033109
"Bootstrap037","factory/workplace",142,133,9,7,0.83,0.08,23.35,20.72,2.14,19.38,1.55,18191.4177532615
"Bootstrap037","hospital/clinic/care centre",63,38,1,4,0.65,0.03,11.83,9.5,0.25,7.69,0.23,7586.49740786802
"Bootstrap037","other",61.5,40.5,5,2,0.84,0.06,29.47,15.83,1.47,24.75,1.48,5768.08749744697
"Bootstrap038","commercial",39,33,0,3,0.85,0,13,11,0,11.05,0,6160.25586018133
"Bootstrap038","education",1008,780.5,13,8,0.9,0.05,63,48.78,1.43,56.7,2.84,37902.8816068836
"Bootstrap038","factory/workplace",192,173,11.5,6.5,0.8,0.08,22.66,18.08,1.37,18.13,1.45,16433.9968692742
"Bootstrap038","hospital/clinic/care centre",51,18.5,1,3,0.62,0.04,14.92,6.42,0.65,9.25,0.37,5982.92193665365
"Bootstrap038","other",74,32,4,3,0.6,0.07,37,16,1,22.2,1.55,8376.37293128533
"Bootstrap039","commercial",26,22,1,2,0.85,0.06,13,10.71,0.5,11.05,0.66,4185.98444012089
"Bootstrap039","education",614,540,10.5,7,0.87,0.03,73.22,63.69,1.05,63.7,1.91,35478.1774698644
"Bootstrap039","factory/workplace",100.5,95,4.5,5.5,0.9,0.07,21.93,18.5,1.17,19.74,1.38,14304.0493968361
"Bootstrap039","hospital/clinic/care centre",26,24.5,1.5,3,0.84,0.05,9.08,7.42,0.42,7.63,0.38,5675.28488015701
"Bootstrap039","other",87,53,6,3,0.69,0.05,21.75,16,0.47,15.01,0.75,6985.90098210133
"Bootstrap040","commercial",47.5,36,4,3,0.83,0.06,13.5,10.5,1.12,11.21,0.67,6310.42448110933
"Bootstrap040","education",641,488.5,7.5,9,0.82,0.02,64.25,45.94,0.71,52.68,1.05,39932.419028224
"Bootstrap040","factory/workplace",40.5,37,4,3,0.84,0.11,13.11,11.61,1.33,11.01,1.21,6373.29105717589
"Bootstrap040","hospital/clinic/care centre",38,28,2.5,3.5,0.64,0.05,13,6.67,0.5,8.32,0.42,6803.18476733155
"Bootstrap040","other",129,51,2,2,0.87,0.07,27.5,14.5,0.5,23.93,1.68,5695.46470840889
"Bootstrap041","commercial",39,36,3,4,0.92,0.08,9.75,9,0.6,8.97,0.72,7923.93863230578
"Bootstrap041","education",419.5,309,5,10.5,0.85,0.02,38.78,28.67,0.43,32.96,0.66,35056.2234026487
"Bootstrap041","factory/workplace",97,87,5,6,0.86,0.07,16.65,14.02,0.86,14.32,1,13736.0543077035
"Bootstrap041","hospital/clinic/care centre",51,36.5,0.5,2,0.76,0.01,16,16,0.12,12.16,0.12,4254.64072863289
"Bootstrap041","other",41.5,23,2,3,0.68,0.06,18.25,7.75,1.25,12.41,0.74,6557.26736456533
"Bootstrap042","commercial",31.5,30,0.5,2.5,0.86,0.04,7.04,5.88,0.17,6.05,0.24,4493.12533855431
"Bootstrap042","education",390,338,5,11.5,0.78,0.03,36.38,29.74,0.5,28.38,0.85,35815.222439275
"Bootstrap042","factory/workplace",73,56,3.5,6.5,0.87,0.06,17.12,14.62,0.93,14.89,0.89,15032.9456022738
"Bootstrap042","hospital/clinic/care centre",42,31.5,0.5,3,0.8,0.01,17.4,11.67,0.1,13.92,0.14,6662.97505452373
"Bootstrap042","other",96,90,1,3,0.69,0.05,36,9,0.5,24.84,1.24,8699.89543150933
"Bootstrap043","commercial",18,16,1,2,0.92,0.06,10.5,8,0.62,9.66,0.58,4019.28055148089
"Bootstrap043","education",306,228,10.5,10.5,0.87,0.05,26.73,19.92,0.91,23.26,1.16,29194.32298318
"Bootstrap043","factory/workplace",55,46.5,2,5,0.81,0.05,10.62,8.38,0.45,8.6,0.43,9743.84101920142
"Bootstrap043","hospital/clinic/care centre",36,24,2,4,0.54,0.07,9,6,0.5,4.86,0.34,7008.94394276978
"Bootstrap043","other",114,79.5,6.5,4,0.73,0.08,18.87,13.25,0.49,13.78,1.1,9109.84663833714
"Bootstrap044","commercial",55,43,4,4,0.83,0.09,13.75,10.75,1,11.41,1.03,8543.71492977778
"Bootstrap044","education",791.5,644.5,14,8.5,0.87,0.04,59.25,47.77,1.25,51.55,2.06,37585.9654253938
"Bootstrap044","factory/workplace",80,68.5,2.5,5,0.86,0.04,15.11,13.04,0.58,12.99,0.52,10943.8630086798
"Bootstrap044","hospital/clinic/care centre",16,16,0,1.5,1,0,16,16,0,16,0,3464.67423863467
"Bootstrap044","other",230.5,134,8.5,5,0.87,0.07,36.5,29.06,1.31,31.75,2.22,16817.1603380622
"Bootstrap045","commercial",26,22,0,2,0.98,0,13,9.8,0,12.74,0,4273.77549420089
"Bootstrap045","education",498.5,354.5,8.5,8.5,0.79,0.03,40.61,33.39,0.76,32.08,0.96,28223.9248001317
"Bootstrap045","factory/workplace",73.5,67,7.5,3.5,0.81,0.07,21.67,19.88,1.94,17.55,1.23,8688.9187162186
"Bootstrap045","hospital/clinic/care centre",57.5,35,1,3.5,0.71,0.05,15.12,8.33,0.35,10.74,0.54,7276.093572385
"Bootstrap045","other",113,59,3,4,0.75,0.07,16,11.25,0.6,12,0.84,8650.35664702578
"Bootstrap046","commercial",16,16,1,3,0.96,0.09,8,7.86,0.33,7.68,0.69,5725.62186594133
"Bootstrap046","education",695.5,610,9.5,7,0.84,0.03,60.77,48.1,1.31,51.05,1.53,30599.9786033556
"Bootstrap046","factory/workplace",67.5,59.5,2,4,0.88,0.1,15.35,13.5,1.5,13.51,1.35,9060.69160070258
"Bootstrap046","hospital/clinic/care centre",51,26,1,3,0.62,0.02,16.7,8.8,0.32,10.35,0.21,6138.28104461653
"Bootstrap046","other",208,136,14,2,0.87,0.1,17.85,10.46,2,15.53,1.55,4773.67150915129
"Bootstrap047","commercial",13,12,0.5,2,0.96,0.04,13,11.5,0.5,12.48,0.5,4308.05268588089
"Bootstrap047","education",637,517.5,9.5,10,0.85,0.02,60.27,44.58,0.95,51.23,1.02,43477.5551322908
"Bootstrap047","factory/workplace",43,39,5.5,4,0.82,0.13,14.33,12.83,1.67,11.75,1.53,8739.99535602802
"Bootstrap047","hospital/clinic/care centre",48,24,3,4,0.67,0.12,8.5,6,0.67,5.7,0.68,7248.51757886578
"Bootstrap047","other",147.5,96.5,6,4,0.8,0.08,25.79,12.61,1.19,20.63,1.65,10704.6913372069
"Bootstrap048","commercial",22,16,2,4,0.99,0.12,4.42,3.42,0.46,4.38,0.53,6887.11536624754
"Bootstrap048","education",271.5,201.5,12,9,0.74,0.05,27.12,19.67,1.05,20.07,1,23533.2794977946
"Bootstrap048","factory/workplace",84,78,7,4.5,0.83,0.06,22.55,18.65,1.65,18.72,1.12,11417.5115420672
"Bootstrap048","hospital/clinic/care centre",51,37,2,4,0.79,0.04,11.4,11,0.48,9.01,0.36,7871.64261315698
"Bootstrap048","other",69.5,34,2,2.5,0.81,0.05,28.58,13.38,0.5,23.15,1.16,6955.76761815751
"Bootstrap049","commercial",13,12,0,2,0.92,0,8,8,0,7.36,0,3702.72683372089
"Bootstrap049","education",850,718,14.5,9,0.83,0.04,86.88,71.12,1.42,72.11,2.88,50363.5717289574
"Bootstrap049","factory/workplace",70,57,8,5,0.74,0.04,12.86,10.71,1.33,9.52,0.38,10000.4106317198
"Bootstrap049","hospital/clinic/care centre",28.5,19,0,2,0.85,0,11.25,8.5,0,9.56,0,3945.79076152889
"Bootstrap049","other",159,73,6,6.5,0.76,0.07,19.79,9.66,0.48,15.04,1.05,15212.2060471532
"Bootstrap050","commercial",21,19,1,2,0.96,0.08,10.5,9.5,0.5,10.08,0.81,4088.34976492089
"Bootstrap050","education",458.5,347,6.5,8,0.76,0.02,49.29,39.81,1.03,37.46,0.75,28863.7737594698
"Bootstrap050","factory/workplace",150,122.5,6,6.5,0.8,0.07,23.17,21.12,1.38,18.54,1.3,16520.2916691922
"Bootstrap050","hospital/clinic/care centre",61,45,1,3,0.74,0.04,13.75,7,0.5,10.18,0.41,6114.01143829333
"Bootstrap050","other",87,51,1,2,0.87,0.07,27.5,15.78,0.5,23.93,1.68,5695.46470840889
"Bootstrap051","commercial",39,33,1,3,0.92,0.08,10.25,8.25,0.5,9.43,0.75,6022.45040955733
"Bootstrap051","education",379.5,288,5.5,7.5,0.82,0.02,45.46,37.64,0.73,37.28,0.75,26879.3256542037
"Bootstrap051","factory/workplace",78.5,72.5,2,3,0.81,0.02,21.17,19.29,0.48,17.15,0.34,7222.34158145365
"Bootstrap051","hospital/clinic/care centre",50,22,2,4,0.57,0.05,12.5,6.17,0.58,7.12,0.36,7515.68341105778
"Bootstrap051","other",77,57,1.5,3.5,0.89,0.06,24.67,12.83,1.17,21.96,1.32,9511.73370591459
"Bootstrap052","commercial",39,29,1,4,0.92,0.03,8,8,0.2,7.36,0.22,7458.21846744178
"Bootstrap052","education",612.5,523.5,12.5,8,0.89,0.03,50.92,45.21,1.29,45.32,1.36,32313.6769287191
"Bootstrap052","factory/workplace",101,90,5.5,6,0.83,0.06,20.21,18.71,1.13,16.77,1.01,14550.296563555
"Bootstrap052","hospital/clinic/care centre",24,10.5,1.5,2,0.68,0.04,16.5,4.33,0.75,11.22,0.45,4205.32230738489
"Bootstrap052","other",103,65,5,3.5,0.86,0.08,22.45,16.75,1.29,19.31,1.54,9069.03191488995
"Bootstrap053","commercial",17.5,13,1,3.5,0.83,0.08,6.42,5.33,0.42,5.33,0.43,6197.19021049059
"Bootstrap053","education",711.5,519,14,8.5,0.8,0.04,72.25,48.88,1.1,57.8,2.31,40774.9386013298
"Bootstrap053","factory/workplace",91,80,7.5,6.5,0.85,0.11,14.17,13.5,1.45,12.04,1.32,14209.6275765202
"Bootstrap053","hospital/clinic/care centre",76,29,0.5,2.5,0.74,0.01,15.39,7.08,0.12,11.39,0.11,5215.68528652231
"Bootstrap053","other",207,146,9,3,0.65,0.06,18.58,12.17,0.92,12.08,0.72,6508.69524546901
"Bootstrap054","commercial",44.5,38,2.5,5.5,0.92,0.06,8.47,7.2,0.57,7.79,0.47,10464.5425054032
"Bootstrap054","education",696.5,548.5,6.5,8,0.85,0.03,70.21,51.68,1.01,59.68,1.79,38805.1581137533
"Bootstrap054","factory/workplace",77.5,66,12,5.5,0.82,0.09,14.15,11.58,1.35,11.6,1.04,11811.2330545948
"Bootstrap054","hospital/clinic/care centre",45,34.5,0.5,3,0.77,0.03,15,13.5,0.25,11.55,0.35,6321.06613717333
"Bootstrap054","other",30,16,4,4,0.69,0.03,8,8,0.4,5.52,0.17,7082.71594968178
"Bootstrap055","commercial",14.5,14,0.5,2,0.96,0.02,10.5,9.5,0.17,10.08,0.2,4015.19856492089
"Bootstrap055","education",652.5,559,12,6.5,0.84,0.02,58.08,47.34,0.83,48.79,0.98,27405.1077745055
"Bootstrap055","factory/workplace",75,66.5,7.5,4.5,0.85,0.07,15,13.3,1.15,12.75,0.89,9894.00809216
"Bootstrap055","hospital/clinic/care centre",28.5,22.5,3,3,0.83,0.05,9.5,7.5,0.67,7.88,0.39,5719.11731528533
"Bootstrap055","other",208,180,7,4,0.87,0.07,28.8,17.56,2,25.06,1.75,11897.3214102642
"Bootstrap056","commercial",50,48,1,4,0.92,0.08,10.4,9.6,0.25,9.57,0.77,8064.76581366898
"Bootstrap056","education",540,450,7,9,0.83,0.02,37,32.53,0.58,30.71,0.61,28957.603098496
"Bootstrap056","factory/workplace",149.5,135.5,10,7.5,0.9,0.1,21.81,21,1.81,19.63,1.96,19722.0360536277
"Bootstrap056","hospital/clinic/care centre",51,35.5,0,3,0.86,0,16,16,0,13.76,0,6597.44756974933
"Bootstrap056","other",114,30,3,2,0.43,0.06,37,15.93,1,15.91,0.95,4890.97021957689
"Bootstrap057","commercial",13,12,1,2,0.86,0.08,13,11,0.5,11.18,0.89,4226.40744428089
"Bootstrap057","education",278,191,4,9,0.76,0.01,31.1,22.69,0.4,23.64,0.24,24851.9448122368
"Bootstrap057","factory/workplace",71.5,45.5,4,6,0.82,0.09,12.43,9.93,0.88,10.19,0.92,12383.0911035972
"Bootstrap057","hospital/clinic/care centre",34.5,21,1,2.5,0.65,0.05,19.5,8.33,0.27,12.68,0.63,5493.61750887111
"Bootstrap057","other",135,87.5,6.5,4.5,0.84,0.09,35.25,17.75,1.5,29.61,2.66,14756.257450496
"Bootstrap058","commercial",13,12,1,4,0.85,0.08,13,11,0.25,11.05,0.88,8424.73368024178
"Bootstrap058","education",607.5,507.5,10.5,8,0.82,0.03,60.88,48.98,1.06,49.92,1.5,34514.0138372528
"Bootstrap058","factory/workplace",107.5,87,4,6,0.81,0.07,25.92,20.47,1.29,21,1.47,16105.0157842193
"Bootstrap058","hospital/clinic/care centre",53,33,1,4,0.78,0.07,9.25,7,0.5,7.21,0.5,7515.54570200178
"Bootstrap058","other",109,94,5.5,3,0.92,0.07,38.75,28.5,1.31,35.65,2.5,10745.2639496533
"Bootstrap059","commercial",21,17.5,0.5,2.5,0.88,0.04,11.33,9.5,0.33,9.97,0.4,5043.61546007751
"Bootstrap059","education",564,481.5,9,9.5,0.81,0.02,61.64,51.67,1.02,49.93,1,40733.8734110248
"Bootstrap059","factory/workplace",87.5,75,2.5,4.5,0.88,0.05,20.12,17.88,0.71,17.71,0.89,11087.6595007693
"Bootstrap059","hospital/clinic/care centre",49,36.5,0.5,3.5,0.7,0.03,10,6.9,0.25,7,0.21,6489.33960067555
"Bootstrap059","other",139,65.5,3.5,4.5,0.75,0.06,26.3,17.98,0.8,19.73,1.18,11725.0237638272
"Bootstrap060","commercial",23,22,0,3,0.99,0,8,8,0,7.92,0,5637.06547746133
"Bootstrap060","education",520.5,450,7.5,9,0.84,0.03,48.19,41.52,0.72,40.48,1.21,34023.1845468467
"Bootstrap060","factory/workplace",133,129,8,4.5,0.88,0.06,29.55,28.7,1.9,26,1.56,13555.5096340352
"Bootstrap060","hospital/clinic/care centre",43,41,1,3.5,0.86,0.02,12.58,12.08,0.29,10.82,0.22,7187.55243034852
"Bootstrap060","other",85,82.5,2.5,2.5,0.94,0.06,36.5,29.29,1.17,34.31,2.06,8700.69227143111
"Bootstrap061","commercial",14.5,14,0,2.5,0.9,0,7.33,7,0,6.6,0,4527.93248695751
"Bootstrap061","education",307,250,5.5,9,0.77,0.02,34.08,27.89,0.53,26.24,0.52,26817.974586711
"Bootstrap061","factory/workplace",105,100.5,6,6,0.91,0.11,20.2,19.45,1.5,18.38,2.02,15390.5240455851
"Bootstrap061","hospital/clinic/care centre",36,18,2,4,0.88,0.06,11.43,5.71,0.6,10.06,0.6,8137.11762541682
"Bootstrap061","other",57,45,1,5,0.74,0.03,19,9,0.33,14.06,0.42,11255.1651060622
"Bootstrap062","commercial",39,34.5,2.5,3.5,0.88,0.08,11.38,10,0.71,10.01,0.8,7152.61345789412
"Bootstrap062","education",557,455.5,11,9,0.81,0.03,65.47,49.83,0.9,53.03,1.59,40422.8972515994
"Bootstrap062","factory/workplace",71,55.5,2,6.5,0.83,0.05,27.5,25.04,0.92,22.82,1.14,17943.4517368889
"Bootstrap062","hospital/clinic/care centre",31,24,0,3,0.4,0,10.33,9.67,0,4.13,0,5103.18984527701
"Bootstrap062","other",68,23.5,2,2,0.57,0.05,18.17,11.17,0.5,10.36,0.52,4141.99631736377
"Bootstrap063","commercial",16,14,2,3,0.93,0.09,8,8,0.5,7.44,0.67,5686.46345442133
"Bootstrap063","education",701,578.5,7,7.5,0.79,0.02,67.67,55.23,0.72,53.46,1.07,33676.5464569941
"Bootstrap063","factory/workplace",180.5,170,8,6,0.86,0.06,25.13,19.92,1.24,21.61,1.3,16205.8479129156
"Bootstrap063","hospital/clinic/care centre",66.5,33,0,3,0.62,0,16,10,0,9.92,0,6028.47458542933
"Bootstrap063","other",45,24,4,2,0.74,0.06,7.04,6.25,1.14,5.21,0.31,3519.91944396345
"Bootstrap064","commercial",27.5,24.5,1,3,0.92,0.07,10,9.08,0.33,9.2,0.64,5965.61359189333
"Bootstrap064","education",635.5,424,12.5,8.5,0.82,0.04,46.63,31.21,1.02,38.24,1.53,31303.1872938251
"Bootstrap064","factory/workplace",71,60.5,4,5.5,0.85,0.07,12.67,11,0.91,10.77,0.75,11457.8871916624
"Bootstrap064","hospital/clinic/care centre",41.5,21.5,1.5,3.5,0.75,0.04,13.83,7.17,0.42,10.37,0.41,7166.96684378851
"Bootstrap064","other",158,73,3,2.5,0.78,0.05,43.88,18.25,1.5,34.23,1.71,8711.43357118151
"Bootstrap065","commercial",25.5,25.5,0.5,1.5,1,0.05,10.93,9.36,0.25,10.93,0.55,3108.40517378731
"Bootstrap065","education",614,454.5,8.5,9,0.79,0.02,54.97,44.58,0.74,43.43,0.87,35392.7248345754
"Bootstrap065","factory/workplace",110.5,95,4.5,5.5,0.8,0.05,17.26,14.95,0.79,13.81,0.69,12363.9021761462
"Bootstrap065","hospital/clinic/care centre",26,12.5,1,1.5,0.62,0.02,10.5,5.5,0.54,6.51,0.13,2740.61958801067
"Bootstrap065","other",69,60,2,3,0.87,0.05,19.1,13.2,0.7,16.62,0.83,7207.35354916693
"Bootstrap066","commercial",14.5,12,1,3,0.88,0.07,10.5,9.5,0.38,9.24,0.65,5979.28100706133
"Bootstrap066","education",336,305.5,6.5,11,0.79,0.02,47.43,41.54,0.56,37.47,0.75,39612.0754883282
"Bootstrap066","factory/workplace",121,104.5,2.5,6,0.82,0.06,19.71,15.4,0.71,16.16,0.97,14343.255078499
"Bootstrap066","hospital/clinic/care centre",52,33,0.5,3,0.64,0.01,14,10,0.1,8.96,0.09,5878.65328635733
"Bootstrap066","other",195,147,4,3,0.87,0.05,27.86,25.5,0.57,24.24,1.21,8508.86428303189
"Bootstrap067","commercial",26,24,2,4,0.85,0.05,13,11,0.5,11.05,0.55,8345.58648024178
"Bootstrap067","education",484,393,8,9,0.84,0.03,47.26,42.33,0.83,39.7,1.19,33632.5185166029
"Bootstrap067","factory/workplace",76,65,5,5,0.81,0.06,11.25,9.22,1,9.11,0.55,9918.23936782222
"Bootstrap067","hospital/clinic/care centre",31,18,1,3,0.78,0.06,10.33,7,0.5,8.06,0.48,5771.84053391701
"Bootstrap067","other",104,90,1,3,0.91,0.04,49,49,0.33,44.59,1.78,12062.1977503573
"Bootstrap068","commercial",20,16,0,3,0.92,0,9.75,8,0,8.97,0,5813.44037422933
"Bootstrap068","education",600,515.5,5.5,8.5,0.83,0.02,85.71,73.64,0.71,71.14,1.42,46374.8770180389
"Bootstrap068","factory/workplace",69.5,61.5,12.5,4.5,0.82,0.11,15.15,13.7,3.12,12.42,1.37,9952.8513343616
"Bootstrap068","hospital/clinic/care centre",25.5,24.5,2.5,3.5,0.9,0.08,10.12,9.12,0.62,9.11,0.73,6964.875776545
"Bootstrap068","other",114.5,62,1.5,3.5,0.97,0.04,20.62,8.5,0.29,20,0.8,9007.64086096099
"Bootstrap069","commercial",10,8,0,2,0.78,0,9,8,0,7.02,0,3677.06404050489
"Bootstrap069","education",729,583.5,6,9.5,0.79,0.03,76.02,58.71,0.92,60.06,1.8,46483.7583393243
"Bootstrap069","factory/workplace",134,116.5,5.5,7.5,0.89,0.07,17.82,15.51,0.88,15.86,1.11,17824.7491769301
"Bootstrap069","hospital/clinic/care centre",55,25,0,4,0.45,0,13.75,6.25,0,6.19,0,7265.41619569778
"Bootstrap069","other",23,20,2,1,0.8,0.1,21.8,13.2,1.13,17.44,1.74,2508.20986002204
"Bootstrap070","commercial",19,15,0,2.5,0.84,0,7.1,6.6,0,5.96,0,4446.63076627911
"Bootstrap070","education",936.5,758,12,13,0.84,0.03,50.23,40.15,1.02,42.19,1.27,50394.3600149054
"Bootstrap070","factory/workplace",129,116.5,3.5,5.5,0.84,0.06,25.83,20.89,1,21.7,1.3,14895.0592987625
"Bootstrap070","hospital/clinic/care centre",31,15.5,0,2,0.9,0,14,6,0,12.6,0,4267.86870738489
"Bootstrap070","other",53,45,2,3,0.87,0.07,23,8,1,20.01,1.4,7858.52775522133
"Bootstrap071","commercial",14,14,1,3,1,0.07,8.67,8,0.5,8.67,0.61,5865.88184321365
"Bootstrap071","education",259.5,208,5,7.5,0.8,0.02,38.02,27.9,0.64,30.42,0.61,24054.2158781781
"Bootstrap071","factory/workplace",110.5,74.5,3,5.5,0.77,0.05,16.23,11.33,0.65,12.5,0.62,11962.5222628329
"Bootstrap071","hospital/clinic/care centre",44,31,1,4,0.94,0.03,10.33,9.67,0.33,9.71,0.29,7976.19188415602
"Bootstrap071","other",37,16,2,1,0.8,0.07,23,15,1,18.4,1.29,2533.39572598044
"Bootstrap072","commercial",38,28.5,2,3.5,0.79,0.07,14.25,11.25,0.5,11.26,0.79,7406.38652061156
"Bootstrap072","education",613.5,472,12,10.5,0.78,0.04,56.27,43.86,1.01,43.89,1.76,42144.4627848414
"Bootstrap072","factory/workplace",67.5,56,2,4.5,0.85,0.07,13.81,12.12,0.83,11.74,0.82,9629.43079614464
"Bootstrap072","hospital/clinic/care centre",29.5,25.5,0,3,0.83,0,10.5,10,0,8.71,0,5783.82888162133
"Bootstrap072","other",81.5,42.5,1,3.5,0.85,0.02,34.07,15.5,0.33,28.96,0.58,10911.8582492874
"Bootstrap073","commercial",18,16,0.5,4,0.85,0.06,10.17,8.83,0.1,8.64,0.52,7817.43064202354
"Bootstrap073","education",382,335,4.5,8,0.81,0.02,38.5,33.08,0.52,31.19,0.62,25982.0806105316
"Bootstrap073","factory/workplace",108,93.5,10.5,6.5,0.86,0.08,16.41,14.44,1.64,14.11,1.13,14857.7948423942
"Bootstrap073","hospital/clinic/care centre",37.5,33,2,3.5,0.83,0.07,11.25,10.75,0.5,9.34,0.65,7003.51252035556
"Bootstrap073","other",84.5,40.5,3,2,0.81,0.05,23.59,14.34,0.78,19.11,0.96,5102.02590110265
"Bootstrap074","commercial",13,12,1,3,0.98,0.06,5,5,0.2,4.9,0.29,5206.10625301333
"Bootstrap074","education",584,479,7.5,7,0.81,0.03,68.19,54.69,0.71,55.23,1.66,32305.4392582497
"Bootstrap074","factory/workplace",130,108,8.5,7.5,0.79,0.06,17.17,14.14,2.31,13.56,0.81,16818.5505078741
"Bootstrap074","hospital/clinic/care centre",69,53.5,1,3.5,0.72,0.01,15.83,11.67,0.33,11.4,0.11,7309.78831329252
"Bootstrap074","other",37,16,3,1,0.63,0.04,8.38,6.88,0.31,5.28,0.21,1762.7290429366
"Bootstrap075","commercial",27.5,18,1.5,4,0.87,0.06,7.7,5,0.37,6.7,0.4,7366.24657460338
"Bootstrap075","education",268,220,5.5,9.5,0.83,0.02,27.39,21.68,0.56,22.73,0.45,25785.6391193128
"Bootstrap075","factory/workplace",97,78.5,5,6,0.78,0.11,16.31,13.62,1.44,12.72,1.4,13397.7332880862
"Bootstrap075","hospital/clinic/care centre",30,27.5,1,3,0.86,0.04,9.37,8.17,0.37,8.06,0.32,5731.65145248085
"Bootstrap075","other",74,32,0,3,0.75,0.01,17.11,12.78,0,12.83,0.13,6496.22465051989
"Bootstrap076","commercial",62,41,4,5,0.69,0.1,15.5,10.25,1,10.69,1.07,10548.4921819022
"Bootstrap076","education",653.5,501.5,9,9,0.78,0.02,50.02,35.99,0.61,39.02,0.78,33207.3956460698
"Bootstrap076","factory/workplace",75.5,67.5,9.5,4,0.84,0.06,28.43,27.03,2.52,23.88,1.43,11335.8271104728
"Bootstrap076","hospital/clinic/care centre",60,29,1,4,0.82,0.02,13.14,6.71,0.14,10.77,0.22,8213.3407392677
"Bootstrap076","other",142.5,109,4,4.5,0.51,0.04,16.68,7.32,0.24,8.51,0.34,8833.19232564992
"Bootstrap077","commercial",36,24,2,2,0.92,0.08,13,11.43,1,11.96,0.96,4311.85026924089
"Bootstrap077","education",829,663.5,6,6,0.83,0.02,61.7,47.62,0.7,51.21,1.02,26114.5934492331
"Bootstrap077","factory/workplace",85,63.5,4,4.5,0.86,0.09,13.17,11.83,0.9,11.33,1.02,9580.86193518848
"Bootstrap077","hospital/clinic/care centre",52,21,0.5,4,0.64,0.02,15,10.03,0.1,9.6,0.19,8004.47165809778
"Bootstrap077","other",147.5,115.5,3,3.5,0.9,0.05,22.45,18.75,1.13,20.2,1.01,9111.65601472996
"Bootstrap078","commercial",25,22.5,2,4.5,0.91,0.03,7.79,7.43,0.34,7.09,0.21,8324.04536408576
"Bootstrap078","education",951.5,796.5,10.5,10,0.82,0.03,63.43,53.1,1.06,52.01,1.56,44311.755456182
"Bootstrap078","factory/workplace",145,135,11.5,5.5,0.85,0.09,18.71,15.17,1.52,15.9,1.43,13207.2682505014
"Bootstrap078","hospital/clinic/care centre",33,29,0,2,0.8,0,20,20,0,16,0,4651.25532216889
"Bootstrap078","other",67,37.5,1.5,1.5,0.92,0.05,22,7.75,1.25,20.24,1.01,3905.28501988267
"Bootstrap079","commercial",13,12,1,4,0.9,0.02,8,7.17,0.25,7.2,0.14,7407.42165720178
"Bootstrap079","education",677.5,586,10,7,0.84,0.04,99.69,82.94,1.58,83.74,3.35,43744.9780988257
"Bootstrap079","factory/workplace",91,77.5,4,6,0.9,0.04,16.77,14.03,0.65,15.09,0.6,13823.1842519825
"Bootstrap079","hospital/clinic/care centre",55,37,1,3,0.6,0.02,16,9,0.35,9.6,0.19,6015.23737006933
"Bootstrap079","other",159,45,3,3,0.87,0.07,14.45,11.25,0.75,12.57,0.88,6560.99999156053
"Bootstrap080","commercial",26,22,1,2,0.85,0.03,9,7.57,0.4,7.65,0.23,3766.87706066489
"Bootstrap080","education",449,391.5,13.5,7,0.84,0.03,56.86,47.57,1.29,47.76,1.43,29312.1362491437
"Bootstrap080","factory/workplace",67.5,61,10.5,5,0.91,0.11,15.06,13.83,1.93,13.7,1.51,11415.0092632718
"Bootstrap080","hospital/clinic/care centre",55,34,2,4,0.71,0.05,14,7.67,0.67,9.94,0.5,8130.14764452978
"Bootstrap080","other",95.5,70.5,4,2.5,0.9,0.06,24.62,17.62,1.25,22.16,1.33,6819.79436112071
"Bootstrap081","commercial",14,12,1,3,0.85,0.1,13,10,0.33,11.05,1.11,6359.92266018133
"Bootstrap081","education",837.5,684,10.5,10.5,0.83,0.02,53.15,42.39,0.59,44.11,0.88,41574.7541204651
"Bootstrap081","factory/workplace",61,57.5,2,4.5,0.91,0.04,16.79,15.44,0.7,15.28,0.61,10412.6713614618
"Bootstrap081","hospital/clinic/care centre",8,4,0.5,1,0.66,0.07,6.1,3.5,0.4,4.03,0.28,1696.15716679964
"Bootstrap081","other",119.5,102,6.5,3,0.86,0.06,33.8,30.65,1.35,29.07,1.74,9574.77228265813
"Bootstrap082","commercial",19,15.5,0,2,1,0,7.5,7.5,0,7.5,0,3712.59482936889
"Bootstrap082","education",466.5,395.5,7,8,0.82,0.02,49.73,41.44,0.79,40.78,0.82,30223.0936395184
"Bootstrap082","factory/workplace",73.5,57,2,4.5,0.87,0.04,17.95,15,0.49,15.62,0.62,10511.6137960448
"Bootstrap082","hospital/clinic/care centre",47,36.5,0.5,2.5,0.79,0.01,9.88,6.54,0.19,7.81,0.08,4714.58199166151
"Bootstrap082","other",104,100,2,3,0.96,0.07,15.13,9.87,0.73,14.52,1.02,6883.19565117781
"Bootstrap083","commercial",19.5,17,1,2,1,0.06,10.5,9.5,0.38,10.5,0.63,4108.25177836089
"Bootstrap083","education",308,224.5,5,7,0.83,0.03,27.7,23.36,0.75,22.99,0.69,19199.1630665159
"Bootstrap083","factory/workplace",140,125,11,5.5,0.78,0.07,18.35,15.84,1.5,14.31,1,12625.703967094
"Bootstrap083","hospital/clinic/care centre",43.5,26.5,0.5,3,0.72,0.01,12.5,7.67,0.17,9,0.09,5866.75464853333
"Bootstrap083","other",95,75,4,2,0.79,0.05,57,25.5,1,45.03,2.25,8204.67012229689
"Bootstrap084","commercial",26,22,1,4,0.91,0.09,13,11,0.5,11.83,1.06,8622.00173016178
"Bootstrap084","education",630,492,10.5,10,0.76,0.02,54.84,40.78,0.76,41.68,0.83,38431.7909647132
"Bootstrap084","factory/workplace",73,62.5,4,6,0.81,0.06,12,9.83,0.67,9.72,0.58,12111.2729396907
"Bootstrap084","hospital/clinic/care centre",16,11.5,0.5,2,0.84,0.01,14,8.5,0.25,11.76,0.12,4199.28388050489
"Bootstrap084","other",200,98,3,3,0.7,0.05,40.2,16,0.7,28.14,1.41,9453.66894759253
"Bootstrap085","commercial",98,76,4,6,0.85,0.08,16.33,12.67,1,13.88,1.11,13637.632744506
"Bootstrap085","education",640.5,557,5.5,9.5,0.84,0.03,49.21,42.6,0.8,41.34,1.24,36372.3506104181
"Bootstrap085","factory/workplace",105,70,3.5,5.5,0.77,0.04,15.01,12.38,0.46,11.56,0.46,11627.8313688502
"Bootstrap085","hospital/clinic/care centre",32,20,2,3,0.74,0.02,20,20,0.5,14.8,0.3,6853.04292565333
"Bootstrap085","other",245,196,5,3,0.8,0.04,36,33.33,0.5,28.8,1.15,9454.78114798933
"Bootstrap086","commercial",14,13,1,4,0.92,0.02,6.5,6,0.12,5.98,0.12,7137.83432612978
"Bootstrap086","education",733.5,628.5,12,9.5,0.9,0.03,70.25,56.05,1.25,63.23,1.9,47810.9670090382
"Bootstrap086","factory/workplace",77,73,1.5,4,0.85,0.03,18.19,15.38,0.56,15.46,0.46,9277.4754578341
"Bootstrap086","hospital/clinic/care centre",44,33,1,3.5,0.8,0.02,14.45,8.75,0.29,11.56,0.23,7343.49728359396
"Bootstrap086","other",108,55.5,3,3,0.86,0.07,40.62,28.5,1.25,34.93,2.45,10651.8098966409
"Bootstrap087","commercial",21,19,0,2.5,0.95,0,6.5,6.5,0,6.17,0,4466.61871143111
"Bootstrap087","education",761.5,593.5,7.5,7,0.83,0.02,68.62,48.91,0.68,56.95,1.14,32693.763889474
"Bootstrap087","factory/workplace",91.5,81.5,2.5,6,0.71,0.07,18.94,15.39,0.55,13.45,0.94,13511.0798335351
"Bootstrap087","hospital/clinic/care centre",43,28,1.5,2,0.59,0.02,21,5.5,0.58,12.39,0.25,4332.56182431289
"Bootstrap087","other",108,93.5,4,2,0.91,0.07,22.42,20.67,1.27,20.4,1.43,5276.54531371577
"Bootstrap088","commercial",38,34,0.5,2.5,0.88,0.02,13,10.8,0.4,11.44,0.23,5216.17881575111
"Bootstrap088","education",1004.5,854.5,14,11.5,0.81,0.03,68.96,55.51,1,55.86,1.68,53479.9196086804
"Bootstrap088","factory/workplace",61.5,50,2,4.5,0.85,0.04,14.33,11.21,0.42,12.18,0.49,9647.45165649152
"Bootstrap088","hospital/clinic/care centre",26,21,1.5,2.5,0.57,0.06,15,7,0.58,8.55,0.51,4921.11399431111
"Bootstrap088","other",57,49,4,2,0.95,0.05,49,19.92,1,46.55,2.33,8301.03002962489
"Bootstrap089","commercial",14,11,1,2,0.79,0.08,13,11,0.33,10.27,0.82,4128.12321516089
"Bootstrap089","education",914.5,743.5,11,10,0.82,0.02,58.66,49.08,0.77,48.1,0.96,41831.8961692956
"Bootstrap089","factory/workplace",125,114,8,4.5,0.81,0.05,17.25,15.78,1.81,13.97,0.7,10154.000719424
"Bootstrap089","hospital/clinic/care centre",36.5,21,0.5,2,0.69,0.03,15,9.25,0.25,10.35,0.31,4090.71125304889
"Bootstrap089","other",110,90,2,4,0.87,0.07,26.5,16.21,0.93,23.05,1.61,11184.4429251698
"Bootstrap090","commercial",26,24,2,5,0.85,0.07,10.71,8.43,0.4,9.1,0.64,9932.05660317582
"Bootstrap090","education",216,143.5,4.5,7.5,0.78,0.03,22.59,18.33,0.49,17.62,0.53,18357.5836340949
"Bootstrap090","factory/workplace",81.5,73,8.5,3,0.86,0.11,16.67,16,2.93,14.34,1.58,6975.55862734165
"Bootstrap090","hospital/clinic/care centre",67.5,37.5,2.5,4.5,0.63,0.05,17,6.92,0.45,10.71,0.54,9381.821624768
"Bootstrap090","other",104,100,1,3,0.9,0.04,34.67,33.33,0.33,31.2,1.25,9812.57203994965
"Bootstrap091","commercial",28.5,26,0,3,0.85,0,8.17,7.33,0,6.94,0,5493.87904692565
"Bootstrap091","education",692.5,508,12,9.5,0.77,0.03,50.69,36.38,0.85,39.03,1.17,35304.307905476
"Bootstrap091","factory/workplace",158,149,21,8,0.94,0.14,15.75,14.92,2.42,14.8,2.07,18989.1336347876
"Bootstrap091","hospital/clinic/care centre",52,31,1,4,0.63,0.02,18.5,10.17,0.21,11.65,0.23,8474.52031294578
"Bootstrap091","other",74,27,6,2,0.43,0.22,11.71,8,2,5.04,1.11,3636.06052901433
"Bootstrap092","commercial",35,29.5,2.5,3,0.99,0.09,10.75,9.38,1,10.64,0.96,6245.45278088533
"Bootstrap092","education",589,460,8,10.5,0.83,0.02,57.03,43.8,0.85,47.33,0.95,43450.0808092407
"Bootstrap092","factory/workplace",94.5,86.5,8.5,5.5,0.88,0.07,18.82,16.63,1.17,16.56,1.16,13299.9099399248
"Bootstrap092","hospital/clinic/care centre",33,26,0.5,3,0.85,0.02,9.97,7.2,0.17,8.47,0.17,5772.54934805845
"Bootstrap092","other",170.5,100.5,6.5,4.5,0.8,0.06,19.85,11.12,1.35,15.88,0.95,10692.3090502784
"Bootstrap093","commercial",54,43.5,1,4.5,0.88,0.08,7.48,5.64,0.14,6.58,0.53,8291.51179104512
"Bootstrap093","education",495.5,353.5,6,9,0.74,0.01,41.49,30.99,0.54,30.7,0.31,28951.3384459571
"Bootstrap093","factory/workplace",103,91,12,6,0.78,0.08,15.33,14.17,2.25,11.96,0.96,12990.928507194
"Bootstrap093","hospital/clinic/care centre",41,23,0.5,1.5,0.83,0.01,14.5,12.5,0.25,12.04,0.12,3173.17762372267
"Bootstrap093","other",103,51,5,2.5,0.81,0.09,42.25,20.25,1.5,34.22,3.08,8899.41989479111
"Bootstrap094","commercial",14,11,1,2,0.92,0.08,8,8,0.25,7.36,0.59,3773.47963372089
"Bootstrap094","education",479.5,395,6.5,9,0.82,0.02,40.38,35.2,0.74,33.11,0.66,30171.9094167654
"Bootstrap094","factory/workplace",95.5,87,4.5,4,0.84,0.05,16.05,13.2,0.7,13.48,0.67,8902.76498351218
"Bootstrap094","hospital/clinic/care centre",21,7.5,0.5,2,0.58,0.03,9.5,3.5,0.25,5.51,0.17,3552.25380101689
"Bootstrap094","other",141,106,4,3,0.89,0.07,24,9.71,2,21.36,1.5,8088.42894651733
"Bootstrap095","commercial",14,14,0,2,0.85,0,8.5,7.5,0,7.22,0,3692.85883807289
"Bootstrap095","education",522,468.5,12.5,8,0.82,0.03,48.96,43.07,1.13,40.15,1.2,30132.0453124733
"Bootstrap095","factory/workplace",132.5,122,9.5,5.5,0.88,0.06,25.12,20.83,1.9,22.11,1.33,15000.8586643536
"Bootstrap095","hospital/clinic/care centre",52.5,39,1,3.5,0.8,0.02,10.5,8.08,0.25,8.4,0.17,6729.88839453156
"Bootstrap095","other",88,40.5,3.5,3.5,0.85,0.05,29.77,16.19,1.19,25.3,1.27,10364.3593514058
"Bootstrap096","commercial",36,29.5,0.5,4,0.8,0.04,11.5,9.25,0.12,9.2,0.37,7913.16190884978
"Bootstrap096","education",610,503.5,11.5,10,0.84,0.03,38.81,32.54,0.96,32.6,0.98,33402.1357361436
"Bootstrap096","factory/workplace",53.5,39,4,4,0.74,0.08,13.77,10.4,0.69,10.19,0.82,8252.64214840434
"Bootstrap096","hospital/clinic/care centre",41,32,0,2.5,0.83,0,14,11,0,11.62,0,5213.83034503111
"Bootstrap096","other",104,90,5,1,0.87,0.03,49,49,0.36,42.63,1.28,3893.94815209244
"Bootstrap097","commercial",66,45,3,6,0.78,0.03,15.67,12,0.5,12.22,0.37,12863.7993981713
"Bootstrap097","education",353,260.5,5,6,0.75,0.02,39.79,31.18,0.58,29.84,0.6,19109.9658846584
"Bootstrap097","factory/workplace",90.5,67.5,2,4.5,0.79,0.03,21.36,16.43,0.5,16.87,0.51,10820.5371855718
"Bootstrap097","hospital/clinic/care centre",67,42,1.5,4.5,0.73,0.02,18.86,8.14,0.27,13.77,0.28,10024.9242630118
"Bootstrap097","other",137,132.5,5.5,2,0.91,0.06,31.4,25.56,1.5,28.57,1.71,6311.18010337849
"Bootstrap098","commercial",29.5,23,1,4,0.89,0.05,10.2,9.2,0.6,9.08,0.45,7888.04361524338
"Bootstrap098","education",596,475,8,10,0.83,0.02,61.14,52.15,0.86,50.75,1.02,43274.9455723292
"Bootstrap098","factory/workplace",137.5,119.5,5,5,0.79,0.06,22.6,16.77,0.72,17.85,1.07,12457.2776682382
"Bootstrap098","hospital/clinic/care centre",46.5,29,3,4,0.71,0.07,14.3,11.96,0.55,10.15,0.71,8226.75510856818
"Bootstrap098","other",146,87.5,4.5,3,0.8,0.06,33,18.93,1.33,26.4,1.58,9140.87055330133
"Bootstrap099","commercial",26,22,0,3,0.85,0,9.67,8,0,8.22,0,5701.36214810965
"Bootstrap099","education",737.5,598.5,8.5,8.5,0.81,0.01,62.53,47.36,0.69,50.65,0.51,36528.5973052299
"Bootstrap099","factory/workplace",73.5,60.5,2.5,4,0.78,0.05,14.22,10.06,1.17,11.09,0.55,8372.81958190194
"Bootstrap099","hospital/clinic/care centre",46,22,0,3,0.67,0,9.2,5.5,0,6.16,0,5390.54654477653
"Bootstrap099","other",114,30,4,2,0.64,0.07,37,16,2,23.68,1.66,5743.63426821689
"Bootstrap100","commercial",26,25,1,3,0.96,0.04,10.5,9.12,0.2,10.08,0.4,6058.77384738133
"Bootstrap100","education",376,314.5,9,10.5,0.74,0.03,33.86,27.83,0.67,25.06,0.75,30811.3477271876
"Bootstrap100","factory/workplace",78.5,76.5,5,4.5,0.89,0.08,17.19,15.9,1.27,15.3,1.22,10588.8368387994
"Bootstrap100","hospital/clinic/care centre",41,30,0,3,0.77,0,15,9,0,11.55,0,6258.10813717333
"Bootstrap100","other",53.5,46.5,1,3.5,0.73,0.05,15.79,11.77,0.41,11.53,0.58,7430.34040133604
