"id","setting","identified","screen","latent","incidents","p_screen","p_ltbi","id_per_inc","screen_per_inc","latent_per_inc","screen_per_inc2","latent_per_inc2","total_cost","cost_per_id","cost_per_screen","cost_per_ltbi"
"Bootstrap001","commercial",18,17,2,2.5,1,0.1,9.5,8.5,0.8,9.5,0.95,4696.67323830202,260.926291016779,276.274896370707,2348.33661915101
"Bootstrap001","education",470.5,384.5,7,7,0.81,0.03,51.69,40.78,0.9,41.87,1.26,25499.4149941266,54.1964186910236,66.3183744970784,3642.77357058952
"Bootstrap001","factory/workplace",85,74.5,4.5,5.5,0.88,0.04,15.33,14.21,0.73,13.49,0.54,11295.7445505727,132.891112359679,151.620732222452,2510.16545568282
"Bootstrap001","hospital/clinic/care centre",24,18,0,2,0.8,0,10,9,0,8,0,3499.09721021816,145.795717092423,194.394289456565,Inf
"Bootstrap001","other",139.5,95,3,2,0.95,0.06,42.25,20.25,1.5,40.14,2.41,7219.42845275486,51.7521752885653,75.9939837132091,2406.47615091829
"Bootstrap002","commercial",16,16,1,2,0.85,0.09,13,11,0.33,11.05,0.99,3925.98158222171,245.373848888857,245.373848888857,3925.98158222171
"Bootstrap002","education",477.5,376.5,7,6.5,0.82,0.02,63.04,51.4,1.27,51.69,1.03,26749.2674555948,56.0194082839681,71.0471911171176,3821.32392222782
"Bootstrap002","factory/workplace",101,89.5,7,5,0.75,0.06,18.05,14.66,1.75,13.54,0.81,10405.6900743297,103.026634399304,116.26469356793,1486.52715347568
"Bootstrap002","hospital/clinic/care centre",48,45,1,3,0.81,0.01,13,12,0.33,10.53,0.11,5647.10447507031,117.648009897298,125.491210557118,5647.10447507031
"Bootstrap002","other",202,194,5,3,0.74,0.04,50.5,16.14,1,37.37,1.49,10336.8605341996,51.1725769019784,53.282786258761,2067.37210683993
"Bootstrap003","commercial",16,16,2,3,0.99,0.08,13,12,1,12.87,1.03,6149.72648013045,384.357905008153,384.357905008153,3074.86324006522
"Bootstrap003","education",672,557,14,6.5,0.83,0.03,62.67,51.12,0.95,52.02,1.56,27063.1389246914,40.2725281617431,48.5873230245805,1933.08135176367
"Bootstrap003","factory/workplace",132,113.5,10.5,5.5,0.82,0.06,23.7,20.6,2.01,19.43,1.17,13162.8447653329,99.7185209494919,115.972200575621,1253.60426336504
"Bootstrap003","hospital/clinic/care centre",83.5,55.5,1,2.5,0.8,0.01,23.38,18.25,0.38,18.7,0.19,5738.89894036134,68.7293286270819,103.403584511015,5738.89894036134
"Bootstrap003","other",112,66,2,2,0.84,0.05,26.57,16.64,0.73,22.32,1.12,5064.20639108162,45.2161284918001,76.730399864873,2532.10319554081
"Bootstrap004","commercial",48,37,1.5,3,0.78,0.04,16,12.33,0.5,12.48,0.5,6018.87571207471,125.393244001556,162.67231654256,4012.58380804981
"Bootstrap004","education",682.5,490.5,10,10,0.81,0.04,82.18,61.68,2,66.57,2.66,49638.1934282925,72.7299537410879,101.19917110763,4963.81934282925
"Bootstrap004","factory/workplace",131,125,10,4.5,0.81,0.06,29.05,26.12,1.96,23.53,1.41,11762.2568758413,89.7882204262697,94.0980550067306,1176.22568758413
"Bootstrap004","hospital/clinic/care centre",28.5,26.5,0,2,0.83,0,11.5,10.83,0,9.54,0,3650.34141672267,128.082154972725,137.748732706516,Inf
"Bootstrap004","other",74,32,3,2,0.43,0.04,37,15,1,15.91,0.64,4467.49946017313,60.3716143266639,139.60935813041,1489.16648672438
"Bootstrap005","commercial",22,21,0,2.5,0.95,0,11,10,0,10.45,0,4664.82108816482,212.03732218931,222.134337531658,Inf
"Bootstrap005","education",264,191.5,1,5.5,0.75,0.01,37.54,31.33,0.27,28.16,0.28,15973.8631088594,60.5070572305279,83.4144287668896,15973.8631088594
"Bootstrap005","factory/workplace",116,105,5.5,6,0.88,0.06,22.25,18.69,0.92,19.58,1.17,14376.527771483,123.935584236922,136.919312109362,2613.91414026963
"Bootstrap005","hospital/clinic/care centre",31,28,0.5,1.5,0.88,0.01,12.75,9.25,0.12,11.22,0.11,2870.45732137824,92.5953974638143,102.516332906366,5740.91464275649
"Bootstrap005","other",153,149,5,4,0.95,0.04,38.25,37.25,2,36.34,1.45,13442.4259173486,87.8589929238474,90.2176236063668,2688.48518346973
"Bootstrap006","commercial",14,12,1,2,0.92,0.08,13,11,1,11.96,0.96,4006.476552721,286.176896622929,333.873046060084,4006.476552721
"Bootstrap006","education",561.5,401,8.5,8,0.79,0.02,70.19,50.12,1.38,55.45,1.11,34519.4235282251,61.4771567733305,86.0833504444516,4061.10865037942
"Bootstrap006","factory/workplace",81,72,15.5,5,0.79,0.06,21.55,17.55,1.78,17.02,1.02,11329.1276792932,139.865773818435,157.34899554574,730.911463180209
"Bootstrap006","hospital/clinic/care centre",20,15,1,2.5,0.78,0.02,8,6.17,0.38,6.24,0.12,4175.05373038762,208.752686519381,278.336915359174,4175.05373038762
"Bootstrap006","other",57,15,2,1,0.89,0.04,13,11.6,1,11.57,0.46,1953.04820595494,34.2640036132445,130.203213730329,976.524102977469
"Bootstrap007","commercial",25,23,0,2,0.96,0,10.5,9.5,0,10.08,0,3694.72784496094,147.789113798438,160.640341085258,Inf
"Bootstrap007","education",484.5,314,6.5,7,0.81,0.02,53.18,31.7,0.64,43.08,0.86,25741.6674547493,53.1303765835898,81.9798326584371,3960.25653149989
"Bootstrap007","factory/workplace",87.5,71.5,3,5.5,0.83,0.03,13.83,11.83,0.57,11.48,0.34,10689.3661497113,122.164184568129,149.501624471486,3563.12204990375
"Bootstrap007","hospital/clinic/care centre",66,59,1,2,0.84,0.01,11,10.33,0.17,9.24,0.09,3631.26227829785,55.0191254287553,61.5468182762348,3631.26227829785
"Bootstrap007","other",104,99,1,3,0.9,0.03,34.67,15,0.5,31.2,0.94,9238.46869495924,88.8314297592234,93.3178656056488,9238.46869495924
"Bootstrap008","commercial",52.5,39,3,5.5,0.96,0.06,10.21,8.36,0.54,9.8,0.59,10293.0387640891,196.057881220744,263.924070874079,3431.01292136302
"Bootstrap008","education",391,308,6,9,0.79,0.03,41.78,28,0.67,33.01,0.99,28680.5845033324,73.3518785251469,93.1187808549754,4780.09741722207
"Bootstrap008","factory/workplace",115.5,101,10,6.5,0.86,0.07,20.75,18.12,1.96,17.84,1.25,15056.178870135,130.356527014156,149.071077922129,1505.6178870135
"Bootstrap008","hospital/clinic/care centre",68,55,0,2.5,0.78,0,20.25,16.5,0,15.8,0,5350.21349914732,78.6796102815783,97.2766090754059,Inf
"Bootstrap008","other",155,143,4.5,3,0.87,0.05,41.28,21.89,1.38,35.91,1.8,10115.2311306423,65.2595556815633,70.7358820324637,2247.82914014274
"Bootstrap009","commercial",48.5,40,2.5,2.5,0.83,0.11,13.75,11.38,0.75,11.41,1.26,4997.85615901565,103.048580598261,124.946403975391,1999.14246360626
"Bootstrap009","education",469.5,352.5,7,11,0.75,0.02,42.34,32.05,0.6,31.76,0.64,34186.9625696953,72.8156817245907,96.9842909778591,4883.85179567076
"Bootstrap009","factory/workplace",140,126.5,9.5,7,0.87,0.09,23.85,22.38,1.75,20.75,1.87,17498.6491507148,124.990351076534,138.329242298141,1841.9630684963
"Bootstrap009","hospital/clinic/care centre",37.5,27.5,0.5,2.5,0.86,0.01,18,17,0.17,15.48,0.15,5321.28596737169,141.900959129912,193.501307904425,10642.5719347434
"Bootstrap009","other",87.5,79.5,4.5,4,0.94,0.02,47.08,44.5,1.42,44.26,0.89,14866.8488165312,169.9068436175,187.004387629323,3303.74418145138
"Bootstrap010","commercial",18.5,18,0.5,3.5,0.88,0.02,13,10.83,0.25,11.44,0.23,6762.87584439746,365.560856453917,375.715324688748,13525.7516887949
"Bootstrap010","education",396,325,4,7,0.83,0.02,59.44,49.66,0.67,49.34,0.99,27955.1347955181,70.5937747361567,86.0157993708248,6988.78369887952
"Bootstrap010","factory/workplace",79,75,3,5,0.78,0.04,15.5,12.67,0.6,12.09,0.48,9927.57934112144,125.665561280018,132.367724548286,3309.19311370715
"Bootstrap010","hospital/clinic/care centre",32.5,26.5,0.5,2,0.89,0.01,9.38,8.25,0.12,8.35,0.08,3538.30260307853,108.870849325493,133.52085294636,7076.60520615706
"Bootstrap010","other",114,30,2,2,0.94,0.07,8,8,1,7.52,0.53,3511.3565975102,30.8013736623702,117.045219917007,1755.6782987551
"Bootstrap011","commercial",14,12,1,4,0.86,0.06,13,9.4,0.25,11.18,0.67,7793.8475910375,556.703399359821,649.487299253125,7793.8475910375
"Bootstrap011","education",546,446.5,7,7,0.81,0.03,63.09,49.88,0.96,51.1,1.53,28841.29545273,52.8228854445605,64.5941667474357,4120.18506467572
"Bootstrap011","factory/workplace",123.5,97,5.5,5,0.86,0.06,21.48,20.14,1.22,18.47,1.11,11693.0446709752,94.6805236516206,120.546852278094,2126.00812199548
"Bootstrap011","hospital/clinic/care centre",24,21,0,2,0.86,0,14.5,13,0,12.47,0,3938.92617980433,164.121924158514,187.567913324016,Inf
"Bootstrap011","other",61,32,3,2,0.87,0.05,20.33,16,1,17.69,0.88,4568.85607108256,74.8992798538125,142.77675222133,1522.95202369419
"Bootstrap012","commercial",25,22,1,4,0.98,0.04,6.17,5.67,0.48,6.05,0.24,6654.95393719344,266.198157487738,302.497906236065,6654.95393719344
"Bootstrap012","education",349.5,304,2,9,0.8,0.01,45.39,31.37,0.37,36.31,0.36,29784.9137832916,85.2214986646399,97.9766900766172,14892.4568916458
"Bootstrap012","factory/workplace",127.5,114.5,4.5,4.5,0.89,0.04,26.97,25.33,0.89,24,0.96,11703.6903297332,91.7936496449663,102.215636067539,2600.82007327405
"Bootstrap012","hospital/clinic/care centre",40,40,1,2,0.82,0.01,20,20,0.25,16.4,0.16,4354.92252947223,108.873063236806,108.873063236806,4354.92252947223
"Bootstrap012","other",147,147,7,3,0.75,0.04,57,49,1,42.75,1.71,11182.5195670785,76.0715616808059,76.0715616808059,1597.50279529692
"Bootstrap013","commercial",95,71.5,8,4.5,0.88,0.1,21.6,16.7,1.8,19.01,1.9,10866.2297446993,114.381365733677,151.975241184605,1358.27871808741
"Bootstrap013","education",549.5,427.5,8.5,7,0.79,0.02,64.57,46.34,0.97,51.01,1.02,28612.1479293837,52.0694229834098,66.9290010044063,3366.13505051573
"Bootstrap013","factory/workplace",92.5,81,7.5,5,0.84,0.06,21.67,18.17,1.58,18.2,1.09,11626.7468691646,125.694560747726,143.540084804502,1550.23291588862
"Bootstrap013","hospital/clinic/care centre",50.5,39.5,0,5,0.94,0,10.1,7.9,0,9.49,0,9094.43367661647,180.087795576564,230.238827256113,Inf
"Bootstrap013","other",74,49,2,3,0.78,0.04,18.33,16,0.67,14.3,0.57,6305.21573415583,85.2056180291329,128.677872125629,3152.60786707792
"Bootstrap014","commercial",114,112,4,6,0.79,0.08,15.8,12,1,12.48,1,12227.0433502493,107.254766230257,109.17002991294,3056.76083756232
"Bootstrap014","education",343,309,7,9,0.82,0.02,34.3,30.9,0.78,28.13,0.56,26205.7760255003,76.4016793746365,84.8083366521046,3743.68228935719
"Bootstrap014","factory/workplace",75.5,72.5,15,3.5,0.75,0.11,22,20.75,2.81,16.5,1.81,8028.10085126739,106.332461606191,110.732425534723,535.206723417826
"Bootstrap014","hospital/clinic/care centre",45,29,0,4,0.88,0,12,12,0,10.56,0,7495.4391839576,166.565315199058,258.463420136469,Inf
"Bootstrap014","other",80.5,69.5,6,2,0.91,0.06,51.5,32,1.5,46.87,2.81,7947.04048167254,98.7209997723297,114.345906211116,1324.50674694542
"Bootstrap015","commercial",92,70.5,4.5,3,1,0.04,14,11.31,0.56,14,0.56,6224.77257364989,67.6605714527162,88.2946464347502,1383.28279414442
"Bootstrap015","education",543.5,402.5,8,9.5,0.79,0.03,52.05,39.38,0.88,41.12,1.23,34267.5215759561,63.0497177110507,85.1366995675927,4283.44019699451
"Bootstrap015","factory/workplace",134.5,117.5,4,6.5,0.79,0.05,25.57,21.5,1.2,20.2,1.01,15755.6880565113,117.142662130196,134.090962183075,3938.92201412783
"Bootstrap015","hospital/clinic/care centre",35,26,0,3,0.93,0,14,13,0,13.02,0,5980.6093106818,170.874551733766,230.023435026223,Inf
"Bootstrap015","other",74,30,2,2,0.91,0.07,37,15,2,33.67,2.36,6583.54438541212,88.9668160190827,219.451479513737,3291.77219270606
"Bootstrap016","commercial",13,12,1,2,0.92,0.03,8,8,0.25,7.36,0.22,3456.70303396769,265.90023338213,288.058586163974,3456.70303396769
"Bootstrap016","education",508,455,6,13,0.73,0.02,29.88,26.76,0.65,21.81,0.44,32164.191221723,63.3153370506358,70.6905301576329,5360.69853695383
"Bootstrap016","factory/workplace",86,76.5,2.5,5,0.87,0.07,18.96,14.17,0.61,16.5,1.16,11216.898878659,130.429056728592,146.626129132797,4486.75955146358
"Bootstrap016","hospital/clinic/care centre",52.5,37.5,1,2,0.84,0.02,16.5,15.5,0.2,13.86,0.28,4115.06925669159,78.3822715560303,109.735180178442,4115.06925669159
"Bootstrap016","other",191,135,2,5,0.83,0.03,28.21,24.92,0.44,23.41,0.7,12801.4481014352,67.0232884891896,94.8255414921127,6400.72405071761
"Bootstrap017","commercial",41.5,35,0.5,4,0.83,0.04,16.33,15.17,0.5,13.55,0.54,8237.54328881337,198.495019007551,235.358379680382,16475.0865776267
"Bootstrap017","education",1020,850,14,6,0.87,0.05,60,50,1,52.2,2.61,25390.6748893292,24.8928185189502,29.8713822227402,1813.61963495209
"Bootstrap017","factory/workplace",244,234,6,8,0.85,0.06,25.42,19.5,1,21.61,1.3,20060.0083902409,82.2131491403315,85.726531582226,3343.33473170681
"Bootstrap017","hospital/clinic/care centre",31.5,26.5,0,1.5,0.78,0,13.5,10.17,0,10.53,0,2815.07919693273,89.3675935534201,106.229403657839,Inf
"Bootstrap017","other",50,47,0.5,3.5,0.99,0.01,9.06,8.69,0.06,8.97,0.09,6291.67400420685,125.833480084137,133.865404344827,12583.3480084137
"Bootstrap018","commercial",22,18,2,4,0.92,0.09,13,12,1,11.96,1.08,8043.78381792201,365.626537178273,446.876878773445,4021.891908961
"Bootstrap018","education",481.5,343,7,5.5,0.81,0.03,68.34,48.6,1.29,55.36,1.66,23874.6309777923,49.5838649590702,69.6053381276743,3410.66156825604
"Bootstrap018","factory/workplace",79,68.5,6,4.5,0.87,0.1,16.21,15.21,1.66,14.1,1.41,9631.87429837567,121.92245947311,140.611303625922,1605.31238306261
"Bootstrap018","hospital/clinic/care centre",25.5,17.5,2,3,0.86,0.07,11,8.67,0.58,9.46,0.66,5587.31586049696,219.110425901842,319.275192028398,2793.65793024848
"Bootstrap018","other",35.5,32.5,2,2.5,0.83,0.03,10.18,8.75,0.4,8.45,0.25,4467.42936696284,125.843080759516,137.459365137318,2233.71468348142
"Bootstrap019","commercial",19,18,0.5,2.5,0.88,0.04,13,11.14,0.17,11.44,0.46,4867.55822746604,256.187275129792,270.419901525891,9735.11645493209
"Bootstrap019","education",646.5,479.5,12.5,10,0.77,0.04,48.71,35.42,1,37.51,1.5,34476.7914774996,53.3283704214997,71.9015463555778,2758.14331819997
"Bootstrap019","factory/workplace",65,61,3,5,0.87,0.02,19.5,17,0.5,16.96,0.34,11067.7979195273,170.273814146574,181.439310156185,3689.26597317577
"Bootstrap019","hospital/clinic/care centre",60,60,1,3,0.81,0.01,12,12,0.33,9.72,0.1,5524.05792387841,92.0676320646401,92.0676320646401,5524.05792387841
"Bootstrap019","other",104,90,5,1,0.87,0.04,57,25.5,1,49.59,1.98,4061.85201647322,39.0562693891655,45.1316890719246,812.370403294643
"Bootstrap020","commercial",26,22,1,2,0.85,0.08,13,12,1,11.05,0.88,3911.85083900171,150.455801500066,177.811401772805,3911.85083900171
"Bootstrap020","education",663.5,543,8.5,7.5,0.81,0.02,84.75,65.08,1.55,68.65,1.37,37384.8162511002,56.3448624733989,68.8486487128916,4398.21367660002
"Bootstrap020","factory/workplace",67,60,3.5,5.5,0.84,0.05,12.45,10.4,0.6,10.46,0.52,10471.4510704164,156.290314483827,174.52418450694,2991.84316297611
"Bootstrap020","hospital/clinic/care centre",22,12,0,2.5,0.82,0,9,4.67,0,7.38,0,4294.95259877276,195.225118126035,357.912716564397,Inf
"Bootstrap020","other",32,32,5,2,0.87,0.03,15.63,12.89,0.5,13.6,0.41,4102.73952707232,128.21061022101,128.21061022101,820.547905414464
"Bootstrap021","commercial",69,54,4.5,4,0.82,0.09,17.25,13.5,1.04,14.14,1.27,8544.89891832229,123.839114758294,158.23886885782,1898.86642629384
"Bootstrap021","education",610,534.5,10.5,10,0.84,0.02,85.37,71.21,2.08,71.71,1.43,51320.6991569746,84.1322936999583,96.0162753170712,4887.68563399758
"Bootstrap021","factory/workplace",103.5,98,10,5,0.82,0.06,18.86,17.48,1.9,15.47,0.93,10902.9376283809,105.342392544743,111.254465595724,1090.29376283809
"Bootstrap021","hospital/clinic/care centre",26,22,0,1,0.85,0,13,11,0,11.05,0,1899.40244662085,73.0539402546482,86.3364748464025,Inf
"Bootstrap021","other",109,74.5,2,2.5,0.95,0.06,53,32,1.5,50.35,3.02,10381.3526258219,95.2417672093753,139.347015111703,5190.67631291095
"Bootstrap022","commercial",16.5,16.5,1,2,0.95,0.05,10.5,9.5,0.38,9.97,0.5,3748.76248601421,227.197726425104,227.197726425104,3748.76248601421
"Bootstrap022","education",856,733,12,8,0.82,0.02,76.09,59.27,0.91,62.39,1.25,37298.1983953062,43.5726616767595,50.8843088612635,3108.18319960885
"Bootstrap022","factory/workplace",74.5,68.5,9.5,4.5,0.82,0.07,19.17,15.83,1.5,15.72,1.1,9917.87153205684,133.125792376602,144.786445723457,1043.98647705861
"Bootstrap022","hospital/clinic/care centre",22.5,21,0,2,0.84,0,11.25,10.5,0,9.45,0,3640.5825488912,161.803668839609,173.361073756724,Inf
"Bootstrap022","other",54,32,1.5,2.5,0.91,0.05,22.92,15.5,0.83,20.86,1.04,6122.39641331614,113.377711357706,191.324887916129,4081.59760887742
"Bootstrap023","commercial",26,19.5,0,3.5,0.93,0,10.5,9.5,0,9.77,0,6415.48886144438,246.749571594014,328.999428792019,Inf
"Bootstrap023","education",413.5,365,5,6,0.85,0.02,57.85,45.6,0.76,49.17,0.98,23883.387647775,57.7590995109433,65.4339387610275,4776.67752955501
"Bootstrap023","factory/workplace",63.5,46,5,5.5,0.88,0.1,13.2,12.4,1.43,11.62,1.16,11004.9148428607,173.305745556861,239.237279192624,2200.98296857214
"Bootstrap023","hospital/clinic/care centre",36,36,1,3,0.83,0.02,12,12,0.33,9.96,0.2,5576.69587900406,154.908218861224,154.908218861224,5576.69587900406
"Bootstrap023","other",287,206,6,5,0.9,0.03,28.7,20.8,0.6,25.83,0.77,14013.899433943,48.8289178883032,68.0286380288496,2335.64990565717
"Bootstrap024","commercial",26,24,2,4,0.85,0.07,13,11.5,0.75,11.05,0.77,7795.44019156342,299.824622752439,324.810007981809,3897.72009578171
"Bootstrap024","education",531.5,443.5,7,7.5,0.88,0.03,92.97,77.66,2.2,81.81,2.45,42654.0617322944,80.2522327982962,96.1760129251283,6093.43739032777
"Bootstrap024","factory/workplace",58.5,39.5,4,3.5,0.76,0.1,16.46,11.33,1.17,12.51,1.25,7200.05510319441,123.07786501187,182.279876030238,1800.0137757986
"Bootstrap024","hospital/clinic/care centre",25.5,18.5,0.5,1.5,0.78,0.03,10.3,8.1,0.3,8.03,0.24,2650.80649960027,103.953196062756,143.286837816231,5301.61299920054
"Bootstrap024","other",180,130,6,4.5,0.85,0.03,45.17,39.83,0.9,38.39,1.15,15551.7857114917,86.3988095082874,119.629120857629,2591.96428524862
"Bootstrap025","commercial",38,27,1,2,0.85,0.07,13,11,0.75,11.05,0.77,3897.72009578171,102.57158146794,144.360003547471,3897.72009578171
"Bootstrap025","education",769,603,7.5,6,0.83,0.02,122.64,94.91,1.9,101.79,2.04,45605.8511826982,59.3053981569547,75.6315940011579,6080.78015769309
"Bootstrap025","factory/workplace",95,74,6,4.5,0.83,0.09,20.04,16.4,1.9,16.63,1.5,10234.3641131269,107.730148559231,138.302217744958,1705.72735218782
"Bootstrap025","hospital/clinic/care centre",26.5,24.5,0,2.5,0.95,0,8.75,6,0,8.31,0,4400.93503836596,166.073020315697,179.630001565958,Inf
"Bootstrap025","other",117.5,86.5,3.5,2.5,0.86,0.06,42.25,21.08,1.5,36.34,2.18,8547.07069391896,72.741027182289,98.8100658256527,2442.02019826256
"Bootstrap026","commercial",38,29.5,2.5,4.5,0.82,0.08,13.25,10.88,0.6,10.87,0.87,8764.42167887385,230.642675759838,297.099039961825,3505.76867154954
"Bootstrap026","education",297,246.5,5.5,7,0.79,0.01,28.51,24.96,0.48,22.52,0.23,17427.9260838031,58.6798858040508,70.7015256949415,3168.71383341874
"Bootstrap026","factory/workplace",111.5,96.5,7.5,6.5,0.84,0.06,21.25,18.5,1.71,17.85,1.07,14993.2498721371,134.468608718719,155.37046499624,1999.09998295162
"Bootstrap026","hospital/clinic/care centre",29,23.5,2.5,3.5,0.81,0.04,8.25,6.92,0.54,6.68,0.27,5952.6475702261,205.263709318141,253.304151924515,2381.05902809044
"Bootstrap026","other",178,142,4,3,0.76,0.05,57,40.67,1,43.32,2.17,11350.4086700444,63.7663408429461,79.9324554228479,2837.6021675111
"Bootstrap027","commercial",39,36,3,2,0.98,0.06,13,11.33,0.67,12.74,0.76,4053.08327194326,103.925212101109,112.585646442868,1351.02775731442
"Bootstrap027","education",366,292,4.5,8,0.85,0.02,35.79,30.75,0.64,30.42,0.61,24202.5385502832,66.1271545089706,82.8854059941206,5378.34190006294
"Bootstrap027","factory/workplace",129,98,3.5,6.5,0.85,0.02,19.33,17.21,0.42,16.43,0.33,14221.1711983008,110.24163719613,145.113991819396,4063.19177094309
"Bootstrap027","hospital/clinic/care centre",27.5,21,0,2,0.84,0,12,12,0,10.08,0,3703.22791221126,134.662833171319,176.344186295774,Inf
"Bootstrap027","other",80.5,54.5,2,2,0.79,0.05,31.03,12.72,1.5,24.51,1.23,5306.60395653196,65.9205460438753,97.3688799363663,2653.30197826598
"Bootstrap028","commercial",12.5,11.5,0.5,1.5,0.96,0.01,10.5,9.5,0.25,10.08,0.1,2780.68048137071,222.454438509657,241.798302727888,5561.36096274141
"Bootstrap028","education",730.5,562.5,11.5,8.5,0.84,0.03,87.21,66.52,1.25,73.26,2.2,44697.8995374647,61.1880897158997,79.4629325110485,3886.77387282302
"Bootstrap028","factory/workplace",73.5,55,4,4.5,0.81,0.11,14.86,13,1.42,12.04,1.32,9159.02546578347,124.612591371204,166.527735741518,2289.75636644587
"Bootstrap028","hospital/clinic/care centre",22.5,19,0.5,1,0.96,0.01,16,16,0.12,15.36,0.15,2117.28621547752,94.1016095767788,111.43611660408,4234.57243095505
"Bootstrap028","other",118,97.5,2,5.5,0.83,0.06,20.27,16.33,0.9,16.82,1.01,12387.5808872032,104.979499044095,127.052111663622,6193.79044360159
"Bootstrap029","commercial",16,16,1,2,0.92,0.11,13,9.5,1,11.96,1.32,4052.722621441,253.295163840063,253.295163840063,4052.722621441
"Bootstrap029","education",372,311.5,6,6.5,0.83,0.03,58.7,50.74,0.84,48.72,1.46,25954.1632866039,69.7692561467847,83.3199463454379,4325.69388110065
"Bootstrap029","factory/workplace",65,45,1,6,0.78,0.01,14.75,11.25,0.11,11.51,0.12,11600.3245631529,178.466531740814,257.784990292287,11600.3245631529
"Bootstrap029","hospital/clinic/care centre",28.5,25.5,1,2.5,0.89,0.03,11.9,10.5,0.27,10.59,0.32,4738.80158431781,166.273739800625,185.835356247757,4738.80158431781
"Bootstrap029","other",133.5,77.5,3,3,0.86,0.06,37.62,15.5,1.5,32.35,1.94,9616.12782051227,72.0309200038372,124.079068651771,3205.37594017076
"Bootstrap030","commercial",28.5,26.5,1,2,0.93,0.04,13,11.5,0.25,12.09,0.48,3956.86495769805,138.837366936774,149.315658781058,3956.86495769805
"Bootstrap030","education",628.5,464.5,7.5,11,0.82,0.02,99.61,84.7,1.88,81.68,1.63,62120.6043080125,98.8394658838703,133.736500124892,8282.74724106833
"Bootstrap030","factory/workplace",55,50,4,2,0.76,0.08,19,14.5,1.14,14.44,1.16,4296.04276092123,78.109868380386,85.9208552184246,1074.01069023031
"Bootstrap030","hospital/clinic/care centre",36,28,1,3,0.78,0.02,10.33,9,0.33,8.06,0.16,5290.62373995626,146.961770554341,188.950847855581,5290.62373995626
"Bootstrap030","other",138,113.5,5,3,0.84,0.06,12.4,10.77,1.13,10.42,0.63,5726.91023536003,41.4993495315944,50.4573589018505,1145.38204707201
"Bootstrap031","commercial",18,12,1,2,0.92,0.08,11,8,0.25,10.12,0.81,3805.32249531168,211.406805295093,317.11020794264,3805.32249531168
"Bootstrap031","education",354.5,299.5,7,9.5,0.83,0.03,47.83,35.37,0.75,39.7,1.19,33504.3239048209,94.5114919741068,111.867525558667,4786.33198640298
"Bootstrap031","factory/workplace",50,44.5,9,3,0.74,0.11,16.67,14.4,1.77,12.34,1.36,6170.82072681412,123.416414536282,138.670128692452,685.646747423791
"Bootstrap031","hospital/clinic/care centre",54,42,2,3,0.86,0.03,10.33,9.67,0.5,8.88,0.27,5425.82978419058,100.478329336863,129.186423433109,2712.91489209529
"Bootstrap031","other",104,49,3,3,0.87,0.07,26.73,16.33,1,23.26,1.63,7826.63680272962,75.2561231031695,159.72728168836,2608.87893424321
"Bootstrap032","commercial",13.5,11.5,1,1.5,0.88,0.09,13,10.69,0.67,11.44,1.03,2975.45214308463,220.403862450713,258.73496896388,2975.45214308463
"Bootstrap032","education",594.5,458.5,9,9.5,0.81,0.03,55.8,47.28,1.25,45.2,1.36,36244.136299153,60.9657465082473,79.0493703362116,4027.12625546145
"Bootstrap032","factory/workplace",112,99,13.5,5,0.83,0.09,19.7,18,2.43,16.35,1.47,11292.180679166,100.823041778267,114.062431102686,836.457828086367
"Bootstrap032","hospital/clinic/care centre",64,64,0,3,0.94,0,16,16,0,15.04,0,6278.46317371503,98.1009870892973,98.1009870892973,Inf
"Bootstrap032","other",143,107.5,5,3,0.86,0.08,33.31,30.31,2,28.65,2.29,9132.49966690121,63.8636340342742,84.9534852734997,1826.49993338024
"Bootstrap033","commercial",35,29,0,3.5,0.76,0,10.8,8.2,0,8.21,0,6165.4174563041,176.154784465832,212.600601941521,Inf
"Bootstrap033","education",304.5,222,4.5,7,0.8,0.02,35.71,25.4,0.88,28.57,0.57,20557.4757481335,67.5122356260543,92.6012421087097,4568.32794402968
"Bootstrap033","factory/workplace",63,44.5,3.5,4,0.82,0.08,13.58,11.25,1,11.14,0.89,7849.52866929649,124.595693163436,176.39390268082,2242.72247694185
"Bootstrap033","hospital/clinic/care centre",35.5,34.5,1,2.5,0.91,0.03,11,10,0.25,10.01,0.3,4662.01402668119,131.324338779752,135.130841353078,4662.01402668119
"Bootstrap033","other",114,99,2,2,0.93,0.04,57,25.5,1,53.01,2.12,8458.69183357016,74.199051171668,85.4413316522238,4229.34591678508
"Bootstrap034","commercial",26,24,2,3,0.85,0.08,13,12,0.75,11.05,0.88,5867.77625850256,225.683702250099,244.490677437607,2933.88812925128
"Bootstrap034","education",329,289.5,4.5,7.5,0.81,0.02,51.11,42.2,0.93,41.4,0.83,26937.964945787,81.8783129051276,93.0499652704214,5986.21443239711
"Bootstrap034","factory/workplace",165.5,141,5.5,6.5,0.81,0.06,30.44,27.06,1.35,24.66,1.48,17385.1586095661,105.046275586502,123.298997230965,3160.93792901202
"Bootstrap034","hospital/clinic/care centre",33.5,30,1,2.5,0.81,0.02,15.75,15,0.42,12.76,0.26,5007.86237194894,149.488429013401,166.928745731631,5007.86237194894
"Bootstrap034","other",184,176,8,2,0.76,0.05,57,20.93,1,43.32,2.17,7566.93911336294,41.1246690943638,42.9939722350167,945.867389170367
"Bootstrap035","commercial",26,24,2,3,0.92,0.08,13,12,1,11.96,0.96,6009.71482908151,231.142878041596,250.404784545063,3004.85741454075
"Bootstrap035","education",427.5,353.5,5.5,4.5,0.83,0.02,46.01,37.48,0.78,38.19,0.76,15408.0600539401,36.0422457402107,43.587157154003,2801.46546435274
"Bootstrap035","factory/workplace",160,142.5,12.5,7.5,0.86,0.1,21.36,18.7,1.92,18.37,1.84,17853.9206756942,111.587004223089,125.290671408381,1428.31365405554
"Bootstrap035","hospital/clinic/care centre",13,12,0,2,0.92,0,12,11,0,11.04,0,3792.21127174634,291.708559365103,316.017605978862,Inf
"Bootstrap035","other",33,12,0.5,1,0.84,0.03,8.5,8.5,0.5,7.14,0.21,1718.92987840217,52.0887841940051,143.244156533514,3437.85975680434
"Bootstrap036","commercial",18,12,1,4,0.85,0.08,13,11,0.83,11.05,0.88,7823.70167800342,434.650093222412,651.975139833618,7823.70167800342
"Bootstrap036","education",383,306.5,3.5,9,0.81,0.01,45.19,38.45,0.44,36.6,0.37,29906.5562558994,78.0850032791108,97.574408665251,8544.73035882841
"Bootstrap036","factory/workplace",127,103,7,4,0.81,0.06,32.5,25.33,1.81,26.33,1.58,11554.9848633117,90.9841327819821,112.184319061279,1650.71212333025
"Bootstrap036","hospital/clinic/care centre",50,28,1,2,0.87,0.04,20,20,0.33,17.4,0.7,4516.98263206794,90.3396526413588,161.320808288141,4516.98263206794
"Bootstrap036","other",73,30,2,2,0.93,0.07,37,15,2,34.41,2.41,6658.55879015374,91.2131341116951,221.951959671791,3329.27939507687
"Bootstrap037","commercial",13,12,1,2,0.92,0.03,13,11,0.5,11.96,0.36,3929.399771521,302.261520886231,327.449980960084,3929.399771521
"Bootstrap037","education",386.5,294,7,7.5,0.78,0.03,38.43,32.31,0.93,29.98,0.9,22732.7418514667,58.816925877016,77.322251195465,3247.53455020953
"Bootstrap037","factory/workplace",83.5,79,10.5,5,0.87,0.08,13.53,11.7,1.45,11.77,0.94,9973.24848467033,119.440101612818,126.243651704688,949.833189016222
"Bootstrap037","hospital/clinic/care centre",26,21,1.5,2,0.9,0.06,11.25,9.5,0.5,10.12,0.61,3781.04691278673,145.424881261028,180.049852989844,2520.69794185782
"Bootstrap037","other",57,52,2,4,0.91,0.07,57,15,2,51.87,3.63,17094.0013202845,299.894760004991,328.730794620856,8547.00066014225
"Bootstrap038","commercial",22,17.5,1.5,3,0.88,0.06,12,10.08,0.5,10.56,0.63,5742.9753183582,261.044332652645,328.170018191897,3828.6502122388
"Bootstrap038","education",620,551.5,14,6.5,0.84,0.03,38.58,33.6,1.15,32.41,0.97,20465.7242413411,33.0092326473244,37.1092008002559,1461.83744581008
"Bootstrap038","factory/workplace",95,91.5,2,5.5,0.87,0.05,32.05,28.33,1.17,27.88,1.39,16209.0659867128,170.621747228556,177.148262149867,8104.53299335641
"Bootstrap038","hospital/clinic/care centre",24.5,24.5,0,2.5,0.78,0,9.67,8.17,0,7.54,0,4318.23666955733,176.254557941116,176.254557941116,Inf
"Bootstrap038","other",49,49,3,2,0.96,0.04,37,17.57,2,35.52,1.42,6634.26911063618,135.39324715584,135.39324715584,2211.42303687873
"Bootstrap039","commercial",16,16,0,2,0.85,0,11.33,9.5,0,9.63,0,3657.72026572405,228.607516607753,228.607516607753,Inf
"Bootstrap039","education",1127,904,10.5,9,0.81,0.01,72.24,58.75,0.74,58.51,0.59,39862.382499494,35.3703482692937,44.0955558622721,3796.41738090419
"Bootstrap039","factory/workplace",87,80.5,9.5,5.5,0.89,0.1,23.5,21.5,2.58,20.91,2.09,13861.9875360967,159.333190070078,172.198602932879,1459.15658274703
"Bootstrap039","hospital/clinic/care centre",35,28.5,1,3,0.9,0.02,9.75,8.5,0.25,8.78,0.18,5389.65381948804,153.99010912823,189.110660332914,5389.65381948804
"Bootstrap039","other",55,51,2,2,0.87,0.05,23,20,1,20.01,1,4814.44466590457,87.5353575619013,94.4008758020505,2407.22233295229
"Bootstrap040","commercial",39,33,0,3,0.92,0,13,11,0,11.96,0,5824.73055420151,149.352065492346,176.506986490955,Inf
"Bootstrap040","education",272,232,3.5,6.5,0.81,0.02,44.11,38.38,0.67,35.73,0.71,21459.1552983632,78.8939533028058,92.4963590446689,6131.18722810377
"Bootstrap040","factory/workplace",144,113.5,7.5,7,0.8,0.05,20.04,18.02,1.83,16.03,0.8,15410.74066487,107.019032394931,135.777450791806,2054.76542198267
"Bootstrap040","hospital/clinic/care centre",44,39,1.5,2.5,0.89,0.02,11,9.75,0.46,9.79,0.2,4620.46633906437,105.010598615099,118.473495873445,3080.31089270958
"Bootstrap040","other",37,16,2,1,0.92,0.04,8.43,8,1.6,7.76,0.31,1753.88881844953,47.4024004986359,109.618051153096,876.944409224765
"Bootstrap041","commercial",20,16,1,3,0.92,0.08,13,10.75,1,11.96,0.96,6009.71482908151,300.485741454075,375.607176817594,6009.71482908151
"Bootstrap041","education",493,360.5,8,8,0.84,0.02,55.36,43.32,1.72,46.5,0.93,30772.4442819302,62.4187510789659,85.3604557057702,3846.55553524127
"Bootstrap041","factory/workplace",143.5,123.5,3,6,0.84,0.04,30.61,27.39,1,25.71,1.03,16915.9806333622,117.881398141897,136.971503104147,5638.66021112072
"Bootstrap041","hospital/clinic/care centre",47,35,0.5,2.5,0.84,0.01,14.5,14,0.17,12.18,0.12,4909.32643273097,104.453753887893,140.266469506599,9818.65286546194
"Bootstrap041","other",73.5,49,1.5,1.5,0.84,0.06,33,11.65,1.5,27.72,1.66,4439.5823856696,60.4024814376817,90.6037221565225,2959.7215904464
"Bootstrap042","commercial",137,104,10,4,0.92,0.09,19.57,14.86,1.43,18,1.62,9376.68988734455,68.4429918784273,90.1604796860052,937.668988734455
"Bootstrap042","education",508,382.5,5.5,6.5,0.82,0.03,47.8,38.75,0.96,39.2,1.18,22768.6607218729,44.8201982714033,59.5259103839814,4139.75649488598
"Bootstrap042","factory/workplace",108,97,2.5,4.5,0.82,0.05,25.1,20.58,0.45,20.58,1.03,10986.8230548877,101.729843100812,113.266217060698,4394.72922195507
"Bootstrap042","hospital/clinic/care centre",26,22,0,2,0.87,0,12,11,0,10.44,0,3736.59667203691,143.715256616804,169.845303274405,Inf
"Bootstrap042","other",111,98,7,3,0.69,0.04,49,25.3,1,33.81,1.35,9802.16362249028,88.3077803827953,100.022077780513,1400.30908892718
"Bootstrap043","commercial",13,12,1,3,0.92,0.08,13,11.3,1,11.96,0.96,6009.71482908151,462.285756083193,500.809569090125,6009.71482908151
"Bootstrap043","education",775,516,17,11,0.83,0.03,70.45,46.91,1,58.47,1.75,49464.0920337507,63.824634882259,95.8606434762611,2909.65247257357
"Bootstrap043","factory/workplace",132,120,14.5,5,0.84,0.1,22.66,19.38,2.33,19.03,1.9,12093.2399406728,91.6154540960058,100.776999505606,834.016547632605
"Bootstrap043","hospital/clinic/care centre",28,26,0,2,0.93,0,12,12,0,11.16,0,3803.33419168822,135.833363988865,146.282084295701,Inf
"Bootstrap043","other",57,49,2,1,0.97,0.04,32.71,15,1,31.73,1.27,3119.69541741787,54.7314985511907,63.6672534166912,1559.84770870893
"Bootstrap044","commercial",39.5,29,3.5,3,1,0.04,9.07,7.57,0.5,9.07,0.36,5458.87891008716,138.199466078156,188.237203796109,1559.67968859633
"Bootstrap044","education",618,523,9.5,7,0.81,0.02,44.18,36.07,0.82,35.79,0.72,23135.2091518693,37.4356135143516,44.2355815523313,2435.28517388098
"Bootstrap044","factory/workplace",57,47,5.5,3.5,0.78,0.11,16.25,13.38,1.5,12.68,1.39,7257.021178064,127.316161018667,154.404705916255,1319.45839601164
"Bootstrap044","hospital/clinic/care centre",23,19,1,2.5,0.84,0.06,13,11.5,0.33,10.92,0.66,4839.42440328083,210.409756664384,254.706547541096,4839.42440328083
"Bootstrap044","other",210,162,7,3.5,0.9,0.03,63.85,57.75,2.26,57.47,1.72,15504.1707526767,73.8293845365555,95.704757732572,2214.88153609667
"Bootstrap045","commercial",46,37.5,2,4.5,0.96,0.05,10.67,9.33,0.42,10.24,0.51,8496.08327218161,184.697462438731,226.562220591509,4248.0416360908
"Bootstrap045","education",595.5,464,6,9,0.85,0.03,83.85,63.95,1.5,71.27,2.14,46376.7746154645,77.8787147195038,99.9499452919494,7729.46243591076
"Bootstrap045","factory/workplace",107.5,87,5,5.5,0.82,0.05,21.62,19.62,0.93,17.73,0.89,12598.1855502758,117.192423723496,144.80673046294,2519.63711005516
"Bootstrap045","hospital/clinic/care centre",25,14,1,2,0.87,0.01,12.5,8.67,0.33,10.88,0.11,3794.34481079393,151.773792431757,271.024629342424,3794.34481079393
"Bootstrap045","other",104,100,2,2,0.96,0.04,34.67,33.33,2,33.28,1.33,6401.8763167455,61.5565030456298,64.018763167455,3200.93815837275
"Bootstrap046","commercial",26,20,0,3,0.85,0,11,8,0,9.35,0,5444.84515659687,209.417121407572,272.242257829843,Inf
"Bootstrap046","education",1290,1064,11,10,0.8,0.02,75.79,56,0.8,60.63,1.21,45772.8748707442,35.482848737011,43.0196192394212,4161.17044279492
"Bootstrap046","factory/workplace",103.5,77.5,5,4.5,0.83,0.06,23.12,20.83,0.83,19.19,1.15,10706.3713057089,103.443201021342,138.146726525276,2141.27426114177
"Bootstrap046","hospital/clinic/care centre",16,12,1,2,0.85,0.03,13,12,0.5,11.05,0.33,3841.19712290171,240.074820181357,320.099760241809,3841.19712290171
"Bootstrap046","other",161.5,134.5,7.5,6.5,0.84,0.03,49,39.25,1.79,41.16,1.23,23402.0775252138,144.904504800085,173.993141451403,3120.27700336184
"Bootstrap047","commercial",13,11,1,2,0.85,0.13,13,11,0.5,11.05,1.44,3983.78916812171,306.445320624747,362.162651647428,3983.78916812171
"Bootstrap047","education",794.5,665,13,7.5,0.8,0.02,86.53,67.54,1.47,69.22,1.38,37625.5858606539,47.3575655892434,56.5798283618856,2894.27583543492
"Bootstrap047","factory/workplace",74.5,68,3.5,5,0.87,0.11,14.56,13.75,1.5,12.67,1.39,10340.9139804437,138.8042145026,152.07226441829,2954.54685155535
"Bootstrap047","hospital/clinic/care centre",38,28,0.5,1,0.79,0.01,17.5,14.8,0.2,13.83,0.14,2049.98532796316,53.9469823148201,73.2137617129702,4099.97065592633
"Bootstrap047","other",141,60,4,2,0.79,0.07,23,15,1,18.17,1.27,4678.57777833567,33.1814026832317,77.9762963055945,1169.64444458392
"Bootstrap048","commercial",43,43,2,6,1,0.05,6.14,6.14,0.29,6.14,0.31,10033.9243450444,233.34707779173,233.34707779173,5016.96217252219
"Bootstrap048","education",594.5,489,8.5,7,0.81,0.02,79.38,62,1.25,64.3,1.29,33338.7996928603,56.0787210981671,68.177504484377,3922.2117285718
"Bootstrap048","factory/workplace",78,69.5,5.5,4.5,0.84,0.08,24.62,22.38,0.79,20.68,1.65,11180.7619976485,143.343102533955,160.87427334746,2032.86581775427
"Bootstrap048","hospital/clinic/care centre",34,29,1,3.5,0.87,0.02,13.75,12,0.29,11.96,0.24,6856.91028558578,201.673831928994,236.445182261579,6856.91028558578
"Bootstrap048","other",204,178.5,8,4.5,0.88,0.03,59.75,51,2.61,52.58,1.58,18821.360378979,92.261570485191,105.441794840218,2352.67004737237
"Bootstrap049","commercial",41,32,2,2.5,0.92,0.04,13.4,10.8,0.4,12.33,0.49,4978.32761900237,121.422624853716,155.572738093824,2489.16380950119
"Bootstrap049","education",650.5,580,10.5,8,0.84,0.02,71.07,58.4,0.97,59.7,1.19,36156.2249611129,55.5822059356078,62.3383188984705,3443.44999629647
"Bootstrap049","factory/workplace",98,78.5,4,5.5,0.8,0.06,27.32,20.13,1.33,21.86,1.31,13888.1220838513,141.71553146787,176.918752660526,3472.03052096281
"Bootstrap049","hospital/clinic/care centre",30,26,1,3,0.95,0.04,10,8.67,0.33,9.5,0.38,5530.42350637759,184.347450212586,212.708596399138,5530.42350637759
"Bootstrap049","other",245,196,6,3,0.87,0.04,21.13,17.67,2,18.38,0.74,6929.04247150286,28.2818060061341,35.3522575076677,1154.84041191714
"Bootstrap050","commercial",23,19,1,4.5,0.84,0.01,9.17,7.75,0.17,7.7,0.08,7822.94274895112,340.12794560657,411.733828892164,7822.94274895112
"Bootstrap050","education",487,365.5,5.5,9.5,0.8,0.02,53.82,42.12,0.68,43.06,0.86,34943.5412751664,71.7526514890479,95.6047640907424,6353.37114093934
"Bootstrap050","factory/workplace",130.5,115.5,18,6.5,0.85,0.08,25.67,21.79,2.46,21.82,1.75,16554.4972815091,126.85438529892,143.328980792287,919.694293417173
"Bootstrap050","hospital/clinic/care centre",14,12.5,0,1.5,1,0,11.25,9.5,0,11.25,0,2855.56976101461,203.969268643901,228.445580881169,Inf
"Bootstrap050","other",147,122,2,3,0.91,0.05,57,40.67,1,51.87,2.59,12620.1013590934,85.8510296536964,103.44345376306,6310.05067954668
"Bootstrap051","commercial",26,24,2,2,0.85,0.03,13,11,1,11.05,0.33,3841.19712290171,147.738350880835,160.049880120905,1920.59856145085
"Bootstrap051","education",403,332,6.5,6.5,0.8,0.02,56.64,43.23,0.72,45.31,0.91,24659.3520736521,61.1894592398316,74.2751568483498,3793.74647286956
"Bootstrap051","factory/workplace",149,129,4,8,0.77,0.07,18.62,16.12,0.67,14.34,1,17056.2660091183,114.471583953814,132.219116349754,4264.06650227958
"Bootstrap051","hospital/clinic/care centre",27,18,1,2,0.81,0.01,12.5,11.5,0.25,10.12,0.1,3722.61503814199,137.874631042296,206.811946563444,3722.61503814199
"Bootstrap051","other",104,90,6,2,0.73,0.04,50.5,21.36,1,36.87,1.47,6842.32563033524,65.7915925993773,76.0258403370582,1140.38760505587
"Bootstrap052","commercial",99.5,70.5,5.5,3,0.91,0.04,11.35,9.12,0.42,10.33,0.41,5663.07965015257,56.9153733683676,80.32737092415,1029.65084548229
"Bootstrap052","education",636,559,7,12,0.84,0.03,37.41,32.88,1,31.42,0.94,37169.3876362612,58.4424333903477,66.49264335646,5309.91251946588
"Bootstrap052","factory/workplace",110,102,8,4.5,0.81,0.06,24.92,22.69,1.78,20.19,1.21,10955.2185119651,99.5928955633188,107.404103058481,1369.40231399563
"Bootstrap052","hospital/clinic/care centre",30,26,1,3,0.87,0.02,10,8.67,0.33,8.7,0.17,5378.72899682874,179.290966560958,206.874192185721,5378.72899682874
"Bootstrap052","other",109,60,6.5,2,0.78,0.06,47.15,20.38,1.5,36.78,2.21,6910.06132033312,63.3950579847075,115.167688672219,1063.08635697433
"Bootstrap053","commercial",20,15,0,3,0.98,0,8,8,0,7.84,0,5209.39984094284,260.469992047142,347.293322729523,Inf
"Bootstrap053","education",692,580,12,6,0.84,0.04,92.37,73.41,2.25,77.59,3.1,33190.0807901663,47.9625444944599,57.2242772244246,2765.84006584719
"Bootstrap053","factory/workplace",95,84.5,4.5,5.5,0.83,0.06,20.23,17.18,0.76,16.79,1.01,12379.3105414781,130.308532015559,146.500716467197,2750.95789810625
"Bootstrap053","hospital/clinic/care centre",58,38,1,4,0.79,0.02,15.86,14,0.14,12.53,0.25,7968.61938583112,137.389989410881,209.700510153451,7968.61938583112
"Bootstrap053","other",137,109,6,2.5,0.81,0.06,74.5,52,2.5,60.35,3.62,11788.6289678364,86.0483866265434,108.152559337949,1964.77149463941
"Bootstrap054","commercial",26,20,2,3,0.92,0.05,8,8,0.67,7.36,0.37,5213.95834390153,200.536859380828,260.697917195076,2606.97917195076
"Bootstrap054","education",349.5,232.5,6.5,8,0.81,0.03,48.57,34.1,0.85,39.34,1.18,28092.3274734545,80.3786193804135,120.827214939589,4321.89653437762
"Bootstrap054","factory/workplace",82,73.5,8.5,6.5,0.85,0.08,12.63,11.26,1.27,10.74,0.86,12604.9648395345,153.719083408957,171.496120265775,1482.93703994523
"Bootstrap054","hospital/clinic/care centre",43,41,0.5,3,0.78,0,16.5,15.5,0.12,12.87,0,5981.00400391656,139.093116370153,145.878146436989,11962.0080078331
"Bootstrap054","other",77.5,57,2,1.5,0.85,0.05,42,15.5,1.38,35.7,1.79,5045.11329734255,65.0982360947425,88.5107596025008,2522.55664867127
"Bootstrap055","commercial",26,22,0,2,0.98,0,11,8.71,0,10.78,0,3762.44490037204,144.709419245079,171.020222744184,Inf
"Bootstrap055","education",899,756,15.5,8.5,0.82,0.03,90.22,72.38,1.43,73.98,2.22,45064.9446135193,50.1278583020237,59.6097150972477,2907.41578151737
"Bootstrap055","factory/workplace",118.5,97.5,3,4.5,0.89,0.06,18.38,15.49,0.94,16.36,0.98,10006.5894401278,84.4437927436948,102.631686565414,3335.52981337594
"Bootstrap055","hospital/clinic/care centre",17,11,0.5,2.5,0.89,0.04,7.83,5.83,0.17,6.97,0.28,4284.1223516519,252.007197155994,389.465668331991,8568.24470330381
"Bootstrap055","other",49,49,3,1,0.96,0.05,37,16,2,35.52,1.78,3340.25758967809,68.1685222383284,68.1685222383284,1113.41919655936
"Bootstrap056","commercial",62,48,2.5,5,0.94,0.1,14.5,11.75,0.75,13.63,1.36,10552.8877749064,170.2078673372,219.851828643883,4221.15510996255
"Bootstrap056","education",456,378.5,7.5,7,0.81,0.03,60.92,49.86,1.1,49.35,1.48,28208.0436790022,61.8597449100926,74.5258749775488,3761.07249053363
"Bootstrap056","factory/workplace",98,90,3,4,0.89,0.04,16.5,15.38,0.79,14.69,0.59,8463.65157981926,86.3637916308087,94.0405731091028,2821.21719327309
"Bootstrap056","hospital/clinic/care centre",48,40,2,3,0.83,0.02,15,9.33,0.4,12.45,0.25,5958.03156159619,124.125657533254,148.950789039905,2979.01578079809
"Bootstrap056","other",120.5,78.5,5,3,0.91,0.05,39,20.25,1.5,35.49,1.77,10031.6748890267,83.250414016819,127.792036802888,2006.33497780534
"Bootstrap057","commercial",19,16,1,3,0.92,0.08,8,8,0.33,7.36,0.59,5256.35057356153,276.650030187449,328.521910847595,5256.35057356153
"Bootstrap057","education",455,361,6,9,0.75,0.02,31.44,26.19,0.44,23.58,0.47,23062.9234012985,50.6877437391175,63.886214408029,3843.82056688308
"Bootstrap057","factory/workplace",147,130.5,10,5.5,0.89,0.07,25.71,22.81,1.24,22.88,1.6,14225.4788606706,96.7719650385757,109.007500848051,1422.54788606706
"Bootstrap057","hospital/clinic/care centre",25.5,21.5,1,2,0.82,0.05,15.5,14.83,0.67,12.71,0.64,4049.05396446831,158.78642997915,188.328091370619,4049.05396446831
"Bootstrap057","other",74,54,1,5,0.92,0.04,37,16,1,34.04,1.36,16223.4468830823,219.235768690302,300.434201538562,16223.4468830823
"Bootstrap058","commercial",26.5,20,2.5,2,0.88,0.1,13,11.5,0.75,11.44,1.14,3981.40026733283,150.241519521994,199.070013366642,1592.56010693313
"Bootstrap058","education",549.5,441,8.5,9,0.8,0.03,73.9,56.9,1.14,59.12,1.77,40841.2791416912,74.3244388383825,92.6106102986195,4804.85636961073
"Bootstrap058","factory/workplace",107.5,97.5,14,4.5,0.68,0.07,17.62,15.38,2.05,11.98,0.84,9042.96425310516,84.1205977033038,92.7483513138991,645.92601807894
"Bootstrap058","hospital/clinic/care centre",42,36,2,4,0.83,0.02,20,20,0.5,16.6,0.33,8790.59830143074,209.299959557875,244.183286150854,4395.29915071537
"Bootstrap058","other",148,112,7,3,0.76,0.06,63.75,34,2.38,48.45,2.91,12263.6334104774,82.8623879086312,109.496726879263,1751.9476300682
"Bootstrap059","commercial",26,22,2,3,0.85,0.08,13,11,0.67,11.05,0.88,5867.77625850256,225.683702250099,266.717102659207,2933.88812925128
"Bootstrap059","education",516,437,11.5,6.5,0.82,0.04,50.12,40.5,1.12,41.1,1.64,23575.804295084,45.6895432075271,53.9492089132356,2050.06993870295
"Bootstrap059","factory/workplace",107,96,3.5,6,0.87,0.05,21.4,19.2,0.5,18.62,0.93,14002.6354411122,130.865751786095,145.860785844919,4000.75298317491
"Bootstrap059","hospital/clinic/care centre",12,12,1,1,1,0.14,7,7,1,7,0.98,1757.64907608091,146.470756340076,146.470756340076,1757.64907608091
"Bootstrap059","other",55,51,2,2,0.87,0.05,23,20,1,20.01,1,4814.44466590457,87.5353575619013,94.4008758020505,2407.22233295229
"Bootstrap060","commercial",26,24,2,2,0.92,0.07,13,11.38,1,11.96,0.84,3991.061196481,153.502353710808,166.294216520042,1995.5305982405
"Bootstrap060","education",331.5,275,4.5,7,0.79,0.02,51.59,42.37,0.82,40.76,0.82,24939.496706903,75.2322675924676,90.6890789341928,5542.11037931178
"Bootstrap060","factory/workplace",43.5,31.5,11,4.5,0.73,0.08,10.12,8.38,1.52,7.39,0.59,7917.81271666561,182.018683141738,251.3591338624,719.80115606051
"Bootstrap060","hospital/clinic/care centre",48,36,1,2.5,0.89,0.01,13.67,11.07,0.14,12.17,0.12,4902.28858205555,102.131012126157,136.174682834877,4902.28858205555
"Bootstrap060","other",74,32,4,2,0.9,0.07,37,15,2,33.3,2.33,6545.3948765313,88.4512821152879,204.543589891603,1636.34871913283
"Bootstrap061","commercial",27.5,24.5,0,2,0.88,0,13,11.31,0,11.44,0,3834.95438305284,139.452886656467,156.528750328687,Inf
"Bootstrap061","education",275.5,209.5,7.5,8.5,0.76,0.03,26.93,21.45,0.65,20.47,0.61,20524.3243749149,74.4984550813609,97.9681354411214,2736.57658332199
"Bootstrap061","factory/workplace",84.5,77.5,4,5.5,0.86,0.05,13.59,11.45,0.93,11.69,0.58,10823.9396316614,128.093960138005,139.663737182728,2705.98490791536
"Bootstrap061","hospital/clinic/care centre",37.5,35,0.5,2.5,0.83,0.01,12.5,11.67,0.17,10.38,0.1,4683.3933725201,124.890489933869,133.81123921486,9366.78674504019
"Bootstrap061","other",114,30,2,2,0.77,0.04,12.19,9.38,1,9.39,0.38,3689.16309249046,32.3610797586882,122.972103083015,1844.58154624523
"Bootstrap062","commercial",13,11.5,0.5,1.5,0.96,0.01,12.5,10.17,0.42,12,0.12,2924.58250745365,224.967885188742,254.311522387273,5849.16501490729
"Bootstrap062","education",525.5,404.5,6.5,6.5,0.8,0.02,87.69,66.97,1.06,70.15,1.4,32918.7131122554,62.6426510223699,81.3812437880233,5064.41740188545
"Bootstrap062","factory/workplace",131,106.5,9.5,7,0.84,0.11,16.94,14.05,1.83,14.23,1.57,15111.5067570337,115.355013412471,141.892082225669,1590.68492179302
"Bootstrap062","hospital/clinic/care centre",24.5,19,1.5,2.5,0.82,0.01,12.25,9.5,0.25,10.04,0.1,4642.22885038211,189.478728587025,244.327834230637,3094.81923358807
"Bootstrap062","other",91.5,46.5,4,5.5,0.93,0.06,31,11.5,1.5,28.83,1.73,16554.9699108607,180.928632905582,356.020858298081,4138.74247771519
"Bootstrap063","commercial",16,16,1,3,0.85,0.08,13,11,0.33,11.05,0.88,5867.77625850256,366.73601615641,366.73601615641,5867.77625850256
"Bootstrap063","education",718,544.5,12.5,8,0.8,0.04,69.41,48.37,1.87,55.53,2.22,35101.7726890695,48.8882627981469,64.4660655446638,2808.14181512556
"Bootstrap063","factory/workplace",110,73,4,7,0.7,0.1,15.09,10.5,1,10.56,1.06,13654.8954872206,124.135413520187,187.053362838638,3413.72387180515
"Bootstrap063","hospital/clinic/care centre",29.5,25.5,1,2.5,0.92,0.03,11.25,10.75,0.29,10.35,0.31,4704.78431509418,159.484214070989,184.501345689968,4704.78431509418
"Bootstrap063","other",49,27,1,2,0.93,0.05,24.17,13.83,0.67,22.48,1.12,5065.43684340362,103.376262110278,187.608771977912,5065.43684340362
"Bootstrap064","commercial",26,22,1,5,0.85,0.02,13,9.8,0.17,11.05,0.22,9567.66594920427,367.987151892472,434.893906782012,9567.66594920427
"Bootstrap064","education",664,550.5,7,8,0.84,0.02,70.85,57.65,1.04,59.51,1.19,36080.7930953608,54.3385438183144,65.5418584838524,5154.39901362297
"Bootstrap064","factory/workplace",77,69.5,3,4,0.81,0.08,29.58,25.81,1.4,23.96,1.92,10672.090947006,138.598583727351,153.555265424547,3557.36364900201
"Bootstrap064","hospital/clinic/care centre",48.5,36,0.5,2.5,0.85,0.01,11.85,8.92,0.1,10.07,0.1,4642.87140711384,95.7293073631719,128.968650197607,9285.74281422768
"Bootstrap064","other",59,34.5,2.5,2,0.81,0.06,28.67,15.5,1.5,23.22,1.39,5194.2129363362,88.0375073955288,150.556896705397,2077.68517453448
"Bootstrap065","commercial",32.5,29.5,2,2,0.96,0.02,13,11.5,0.5,12.48,0.25,3963.46834804917,121.952872247667,134.354859255904,1981.73417402459
"Bootstrap065","education",458.5,374.5,8.5,6.5,0.82,0.02,45.48,37.93,0.95,37.29,0.75,21971.0296681225,47.9193667788932,58.667635962944,2584.82701977912
"Bootstrap065","factory/workplace",134.5,119.5,8.5,6,0.87,0.06,23.07,20.08,1.3,20.07,1.2,14538.2851682416,108.09133954083,121.659290110808,1710.38649038136
"Bootstrap065","hospital/clinic/care centre",43,36,0,2,0.86,0,14.5,12.5,0,12.47,0,3938.92617980433,91.6029344140542,109.414616105676,Inf
"Bootstrap065","other",75.5,23,2.5,1.5,0.67,0.06,24.57,13,1.5,16.46,0.99,3369.75280624436,44.6324874999252,146.510991575842,1347.90112249774
"Bootstrap066","commercial",66,49,2,2.5,0.79,0.01,13.11,10.33,0.39,10.36,0.1,4685.39696505112,70.9908631068351,95.620346225533,2342.69848252556
"Bootstrap066","education",620,534.5,6,7,0.84,0.03,77.01,66.12,1.03,64.69,1.94,33710.566997355,54.3718822537984,63.0693489192798,5618.42783289251
"Bootstrap066","factory/workplace",88,83,7.5,5.5,0.8,0.07,20.1,17.86,1.11,16.08,1.13,12238.6977452224,139.076110741163,147.454189701474,1631.82636602965
"Bootstrap066","hospital/clinic/care centre",54.5,45.5,1,2.5,0.88,0.02,9.33,8.5,0.35,8.21,0.16,4419.14928966415,81.0853080672321,97.1241602123989,4419.14928966415
"Bootstrap066","other",209,181,7.5,3.5,0.85,0.03,49.84,41.18,2.4,42.36,1.27,12813.0921234511,61.3066608777564,70.7905642179619,1708.41228312681
"Bootstrap067","commercial",35,30,2,3,0.92,0.08,13,12,1,11.96,0.96,6009.71482908151,171.706137973757,200.32382763605,3004.85741454075
"Bootstrap067","education",429,310.5,4.5,9.5,0.83,0.02,51.31,40.01,1.1,42.59,0.85,34662.9453390413,80.7994063847116,111.635894811727,7702.87674200917
"Bootstrap067","factory/workplace",105,99.5,6.5,5.5,0.91,0.1,19.82,18.67,1.62,18.04,1.8,12970.6288136919,123.529798225637,130.358078529567,1995.4813559526
"Bootstrap067","hospital/clinic/care centre",53,38,1.5,3,0.85,0.03,15.75,14.5,0.29,13.39,0.4,6124.00471430107,115.547258760398,161.158018797397,4082.66980953405
"Bootstrap067","other",138,110,2.5,2.5,0.83,0.04,36,30.33,0.65,29.88,1.2,7596.95459428421,55.0503956107552,69.0632235844019,3038.78183771368
"Bootstrap068","commercial",34,25.5,3.5,3,0.96,0.12,10.75,8.75,0.96,10.32,1.24,5816.52356579965,171.074222523519,228.098963364692,1661.86387594276
"Bootstrap068","education",604,469,9,9,0.83,0.04,60.4,46.9,1.12,50.13,2.01,36885.9502388054,61.0694540377572,78.648081532634,4098.43891542282
"Bootstrap068","factory/workplace",87,68.5,4,7,0.89,0.06,15.61,12.56,0.87,13.89,0.83,14642.1111533966,168.30012819996,213.75344749484,3660.52778834914
"Bootstrap068","hospital/clinic/care centre",29,27,0.5,2.5,0.85,0.01,10,9,0.17,8.5,0.09,4446.25528394502,153.319147722242,164.676121627593,8892.51056789004
"Bootstrap068","other",62,39.5,3.5,2.5,0.84,0.06,24.33,16.94,1,20.44,1.23,6114.23077681451,98.6166254324921,154.790652577583,1746.92307908986
"Bootstrap069","commercial",88,61,7,3,0.69,0.12,22,15.25,1.75,15.18,1.82,6699.62804157523,76.1321368360822,109.829967894676,957.089720225033
"Bootstrap069","education",818.5,677,8,8.5,0.82,0.03,108.48,88.83,1.88,88.95,2.67,51647.6251162564,63.1003361224879,76.2889588127864,6455.95313953205
"Bootstrap069","factory/workplace",109.5,90,2,6,0.83,0.03,19.25,16.52,0.27,15.98,0.48,13058.5496780714,119.256161443575,145.094996423016,6529.27483903571
"Bootstrap069","hospital/clinic/care centre",25.5,24,0,2,0.83,0,12.75,12,0,10.58,0,3753.82344559427,147.208762572324,156.409310233095,Inf
"Bootstrap069","other",177.5,117.5,3.5,2.5,0.95,0.06,48.7,27.3,1.5,46.26,2.78,9838.47292588421,55.4280164838547,83.7316844756103,2810.99226453834
"Bootstrap070","commercial",13,13,1,3,1,0.08,8,8,0.5,8,0.64,5354.96853074661,411.920656211278,411.920656211278,5354.96853074661
"Bootstrap070","education",328,254.5,4.5,7.5,0.78,0.03,31.96,24.47,0.69,24.93,0.75,19834.2854739891,60.4703825426496,77.9343240628255,4407.6189942198
"Bootstrap070","factory/workplace",73.5,63,2,6,0.84,0.02,18.12,13.25,0.25,15.22,0.3,12758.6349441099,173.58686998789,202.518014985871,6379.31747205495
"Bootstrap070","hospital/clinic/care centre",33,29,0,3,0.79,0,12,12,0,9.48,0,5471.41996875275,165.80060511372,188.669654094922,Inf
"Bootstrap070","other",178,122,4,3,0.88,0.04,50.5,25.5,1,44.44,1.78,11375.7292504337,63.9085912945715,93.2436823806044,2843.93231260843
"Bootstrap071","commercial",32,23.5,0.5,3,0.95,0.04,13,11.33,0.5,12.35,0.49,5973.37384588819,186.667932684006,254.186121101625,11946.7476917764
"Bootstrap071","education",941,746,13,8,0.86,0.02,78.42,47.67,0.75,67.44,1.35,39274.7548575055,41.7372527709941,52.6471244738679,3021.13498903888
"Bootstrap071","factory/workplace",143,124,16,5,0.87,0.08,21.4,19.4,3.14,18.62,1.49,11848.7086903935,82.8581027300245,95.5541023418831,740.544293149594
"Bootstrap071","hospital/clinic/care centre",43,35.5,1,3,0.92,0.02,12.7,11.25,0.32,11.68,0.23,5827.56946341981,135.524871242321,164.156886293516,5827.56946341981
"Bootstrap071","other",116,104,2,3,0.78,0.03,23.2,15,0.5,18.1,0.54,6869.16900031442,59.2169741406415,66.0497019261002,3434.58450015721
"Bootstrap072","commercial",20,20,2,3,1,0.03,8,8,0.5,8,0.24,5277.89174954661,263.89458747733,263.89458747733,2638.9458747733
"Bootstrap072","education",552.5,473,5.5,6,0.83,0.01,62.22,49.96,0.65,51.64,0.52,24467.2419451942,44.2846008057814,51.7277842393112,4448.58944458077
"Bootstrap072","factory/workplace",106,92.5,4.5,6,0.84,0.05,21.62,18.08,0.95,18.16,0.91,13870.7542132507,130.856171823119,149.95409960271,3082.38982516681
"Bootstrap072","hospital/clinic/care centre",42,38,0,3,0.88,0,11,9.67,0,9.68,0,5490.72720135715,130.731600032313,144.492821088346,Inf
"Bootstrap072","other",119.5,79,2,2,0.82,0.06,36,17.5,1,29.52,1.77,6117.41785774171,51.1917812363323,77.4356690853381,3058.70892887086
"Bootstrap073","commercial",22,14,1,2,0.78,0.08,8,7,0.2,6.24,0.5,3388.85827907009,154.039012685004,242.061305647864,3388.85827907009
"Bootstrap073","education",489.5,366.5,7.5,9,0.78,0.02,42.83,30.54,0.62,33.41,0.67,28689.2192394192,58.609232358364,78.2789065195612,3825.22923192256
"Bootstrap073","factory/workplace",75,70.5,12.5,4,0.77,0.09,22.21,21,2.42,17.1,1.54,9219.21251661739,122.922833554898,130.768971866913,737.537001329391
"Bootstrap073","hospital/clinic/care centre",30,23,1,3,0.87,0.04,13,11,0.33,11.31,0.45,5821.06820852369,194.03560695079,253.089922109726,5821.06820852369
"Bootstrap073","other",222.5,177,7.5,4,0.7,0.06,55.38,24.75,1.75,38.77,2.33,14313.1376025122,64.3287083258977,80.8651841949844,1908.41834700163
"Bootstrap074","commercial",26,22,1,3,0.85,0.07,13,11,0.33,11.05,0.77,5846.58014367256,224.868467064329,265.753642894207,5846.58014367256
"Bootstrap074","education",429,349,9,11,0.82,0.02,41.1,32.8,0.75,33.7,0.67,35158.5246769265,81.9546029765187,100.740758386609,3906.50274188072
"Bootstrap074","factory/workplace",74.5,61,7,5,0.83,0.11,13.92,11.75,1.25,11.55,1.27,10033.7740527994,134.681530910059,164.48809922622,1433.39629325706
"Bootstrap074","hospital/clinic/care centre",41,32,0.5,3,0.82,0.02,11.5,10.17,0.17,9.43,0.19,5496.82958123391,134.069014176437,171.77592441356,10993.6591624678
"Bootstrap074","other",235.5,205.5,10.5,3.5,0.95,0.02,65.75,57.75,3.5,62.46,1.25,16226.7773007908,68.9035129545257,78.9624199551863,1545.40736198008
"Bootstrap075","commercial",29,27,0,2.5,0.92,0,10.5,9.5,0,9.66,0,4569.74703145543,157.577483843291,169.249890053905,Inf
"Bootstrap075","education",559.5,460,8,6,0.8,0.04,108.31,84.78,1.92,86.65,3.47,36122.9963461634,64.562996150426,78.5282529264421,4515.37454327042
"Bootstrap075","factory/workplace",134.5,123,5.5,6,0.92,0.12,21.32,20.14,1.83,19.61,2.35,14823.8128454338,110.214221899136,120.518803621413,2695.23869916978
"Bootstrap075","hospital/clinic/care centre",32.5,28.5,1.5,2.5,0.9,0.02,13.5,12,0.35,12.15,0.24,4918.03632617387,151.324194651504,172.562678111364,3278.69088411591
"Bootstrap075","other",41,38,1,3,0.93,0.03,8,8,0.33,7.44,0.22,5196.17747089341,126.736035875449,136.741512391932,5196.17747089341
"Bootstrap076","commercial",13,12,1,1,0.92,0.08,13,11,1,11.96,0.96,2003.2382763605,154.095252027731,166.936523030042,2003.2382763605
"Bootstrap076","education",474.5,433.5,7,9,0.82,0.02,69.7,54.08,0.96,57.15,1.14,39548.2847924604,83.3472809114024,91.2301840656527,5649.75497035149
"Bootstrap076","factory/workplace",60.5,45,7,5,0.71,0.1,12.7,11.3,1.9,9.02,0.9,9311.39330643689,153.907327379122,206.919851254153,1330.1990437767
"Bootstrap076","hospital/clinic/care centre",48,39,2,5,0.92,0.03,10.5,9.67,0.3,9.66,0.29,9232.62850686086,192.346427226268,236.734064278484,4616.31425343043
"Bootstrap076","other",61,53,1,3,0.67,0.03,29.82,17.67,0.55,19.98,0.6,7198.38958132582,118.006386579112,135.81867134577,7198.38958132582
"Bootstrap077","commercial",20,18,1,3.5,0.88,0.06,13,11.5,0.62,11.44,0.69,6866.28719250746,343.314359625373,381.460399583748,6866.28719250746
"Bootstrap077","education",413.5,291.5,5.5,8.5,0.8,0.02,58.74,44.52,0.64,46.99,0.94,32975.6129720778,79.7475525322317,113.123886696665,5995.56599492324
"Bootstrap077","factory/workplace",81.5,79,3,4.5,0.87,0.04,24.92,22.62,1,21.68,0.87,11167.6921918115,137.026898059037,141.363192301411,3722.56406393716
"Bootstrap077","hospital/clinic/care centre",27.5,25.5,1,2.5,0.93,0.03,9,7.67,0.5,8.37,0.25,4449.80186754845,161.810977001762,174.502034021508,4449.80186754845
"Bootstrap077","other",170,165,5,2,0.82,0.04,57,49,1,46.74,1.87,7845.40394110666,46.1494349476862,47.5479026733737,1569.08078822133
"Bootstrap078","commercial",20,15,2,4,0.92,0.06,13,12,0.75,11.96,0.72,7951.29168048201,397.5645840241,530.086112032134,3975.645840241
"Bootstrap078","education",586,371,10,11,0.86,0.04,48.83,30.92,1.4,41.99,1.68,40339.2935718867,68.8383849349603,108.73124951991,4033.92935718867
"Bootstrap078","factory/workplace",92,60.5,2,6,0.75,0.04,15.42,11.83,0.42,11.56,0.46,11756.6488312357,127.789661209084,194.324774070012,5878.32441561785
"Bootstrap078","hospital/clinic/care centre",61.5,50,1,3.5,0.81,0.03,15.25,14,0.2,12.35,0.37,6964.27195664831,113.240194417046,139.285439132966,6964.27195664831
"Bootstrap078","other",205,187,6.5,3,0.91,0.03,49.75,48.75,1.23,45.27,1.36,11403.8238741331,55.6284091421125,60.9830153696955,1754.43444217432
"Bootstrap079","commercial",14,12,1,1,0.92,0.04,13,11,0.33,11.96,0.48,1972.4075638805,140.886254562893,164.367296990042,1972.4075638805
"Bootstrap079","education",657.5,529,10,8,0.78,0.03,55.02,42.7,0.68,42.92,1.29,29622.3867161049,45.0530596442661,55.996950313998,2962.23867161049
"Bootstrap079","factory/workplace",116,105,10.5,6.5,0.82,0.06,18.85,16.5,1.08,15.46,0.93,14170.6222912872,122.160536993855,134.958307536069,1349.58307536069
"Bootstrap079","hospital/clinic/care centre",43.5,36.5,0,2,0.82,0,12.75,11.5,0,10.46,0,3742.70052565239,86.039092543733,102.539740428833,Inf
"Bootstrap079","other",172,122,3,3,0.69,0.04,57,18.57,1,39.33,1.57,10680.0378661429,62.0932434078075,87.5412939847778,3560.01262204763
"Bootstrap080","commercial",27.5,26,2.5,3,0.93,0.05,13,11.5,0.83,12.09,0.6,5958.42047090707,216.669835305712,229.17001811181,2383.36818836283
"Bootstrap080","education",839,678,9,5.5,0.83,0.03,90.93,71,1.25,75.47,2.26,29564.6664119817,35.2379814207171,43.6057026725393,3284.96293466463
"Bootstrap080","factory/workplace",110,95,10.5,6.5,0.86,0.09,16.38,14.83,1.87,14.09,1.27,13854.3758280856,125.948871164414,145.83553503248,1319.46436457958
"Bootstrap080","hospital/clinic/care centre",42,38,1,2,0.9,0.01,12,12,0.25,10.8,0.11,3784.09617508257,90.0975279781564,99.5814782916465,3784.09617508257
"Bootstrap080","other",88,51,1,3,0.93,0.03,27.5,15,0.33,25.58,0.77,8363.38045484703,95.0384142596254,163.987852055824,8363.38045484703
"Bootstrap081","commercial",62,49,6,5,0.85,0.09,12.62,10.25,0.94,10.73,0.97,9728.9947149165,156.919269595427,198.550912549316,1621.49911915275
"Bootstrap081","education",208,179,4,7,0.83,0.02,38.02,32.77,0.56,31.56,0.63,21600.2792939647,103.847496605599,120.671951362931,5400.06982349116
"Bootstrap081","factory/workplace",110.5,103,3,5.5,0.94,0.09,24.62,23,1.83,23.14,2.08,14444.3358762425,130.717971730701,140.236270643131,4814.77862541416
"Bootstrap081","hospital/clinic/care centre",25,24,1,2,0.92,0.04,12,12,0.5,11.04,0.44,3848.73424462634,153.949369785054,160.363926859431,3848.73424462634
"Bootstrap081","other",37,24,3,3,0.77,0.07,17.13,13.26,1,13.19,0.92,6208.1273228118,167.787224940859,258.671971783825,2069.3757742706
"Bootstrap082","commercial",18,15,0.5,3,0.9,0.04,10.5,9.5,0.25,9.45,0.38,5527.72171503907,307.095650835504,368.514781002605,11055.4434300781
"Bootstrap082","education",662.5,558.5,8.5,7,0.87,0.02,91.85,74.85,1.13,79.91,1.6,38789.6765874978,58.5504552264118,69.4533152864777,4563.49136323504
"Bootstrap082","factory/workplace",100,88.5,5,6,0.88,0.04,20.62,18.56,0.44,18.15,0.73,13781.6042456846,137.816042456846,155.724341759148,2756.32084913691
"Bootstrap082","hospital/clinic/care centre",28.5,26.5,0,3,0.88,0,12,12,0,10.56,0,5621.5793879682,197.248399577832,212.135071244083,Inf
"Bootstrap082","other",57,15,1,1,0.87,0.04,9.67,8.44,1,8.41,0.34,1789.45367395227,31.3939241044257,119.296911596818,1789.45367395227
"Bootstrap083","commercial",20,19,1,3,0.95,0.05,13,11,0.2,12.35,0.62,5998.42379977819,299.92118998891,315.7065157778,5998.42379977819
"Bootstrap083","education",598,447.5,5,9,0.8,0.02,59.23,45.99,0.92,47.38,0.95,35096.3034732098,58.6894706909864,78.4274937948823,7019.26069464197
"Bootstrap083","factory/workplace",108,101.5,8,5,0.84,0.07,21.96,18.79,1.65,18.45,1.29,11753.0177606996,108.824238524996,115.793278430538,1469.12722008745
"Bootstrap083","hospital/clinic/care centre",30.5,27.5,1,2,0.89,0.03,12.5,11.33,0.38,11.12,0.33,3844.8521371177,126.060725807138,139.812804986098,3844.8521371177
"Bootstrap083","other",56,40,1,2,0.9,0.05,21.75,14.75,0.75,19.58,0.98,4764.93492069755,85.0881235838849,119.123373017439,4764.93492069755
"Bootstrap084","commercial",18,14,0,3,0.84,0,9,7,0,7.56,0,5178.96968839656,287.720538244253,369.92640631404,Inf
"Bootstrap084","education",446.5,381.5,6,9,0.8,0.02,31.62,25.52,0.68,25.3,0.51,24928.1118130252,55.8300376551517,65.3423638611408,4154.68530217087
"Bootstrap084","factory/workplace",67.5,51.5,2,3.5,0.84,0.06,17.05,15,1.14,14.32,0.86,7411.82988516938,109.804887187695,143.919026896493,3705.91494258469
"Bootstrap084","hospital/clinic/care centre",58,36,0,3,0.85,0,13,12,0,11.05,0,5698.20733986256,98.2449541355614,158.283537218404,Inf
"Bootstrap084","other",198,153.5,9,4,0.84,0.06,63.75,34,2.5,53.55,3.21,17374.0361902301,87.7476575264148,113.185903519415,1930.44846558113
"Bootstrap085","commercial",26,19,1,4,0.92,0.05,8.33,8,0.12,7.66,0.38,7013.86831387493,269.764165918267,369.150963888154,7013.86831387493
"Bootstrap085","education",332,250.5,5,7,0.78,0.02,39,32.5,0.65,30.42,0.61,21240.8867352027,63.9785745036226,84.7939590227653,4248.17734704054
"Bootstrap085","factory/workplace",103.5,93.5,7,5,0.89,0.07,19.76,18.43,1.57,17.59,1.23,11503.2960031897,111.142956552557,123.02990377743,1643.32800045567
"Bootstrap085","hospital/clinic/care centre",40,40,0.5,3,0.87,0.01,13.33,13.33,0.25,11.6,0.12,5800.60547101563,145.015136775391,145.015136775391,11601.2109420313
"Bootstrap085","other",125.5,104,2,3,0.84,0.05,32.11,20.25,1.21,26.97,1.35,8707.58783160125,69.3831699729183,83.7268060730889,4353.79391580062
"Bootstrap086","commercial",26,22,1,3,0.85,0.08,13,12,0.67,11.05,0.88,5867.77625850256,225.683702250099,266.717102659207,5867.77625850256
"Bootstrap086","education",743,473,9,7,0.82,0.03,117.46,90.19,1.92,96.32,2.89,45201.322608534,60.8362350047564,95.5630499123341,5022.369178726
"Bootstrap086","factory/workplace",129.5,112,5,5,0.87,0.09,18.4,16.67,1.5,16.01,1.44,11185.3419195519,86.3732966760765,99.8691242817135,2237.06838391038
"Bootstrap086","hospital/clinic/care centre",27,14,0,3,0.88,0,9.33,8.33,0,8.21,0,5272.14843511698,195.264756856184,376.582031079784,Inf
"Bootstrap086","other",53,34.5,1.5,1,0.83,0.06,36,17.57,1,29.88,1.79,3076.67792180368,58.0505268264846,89.1790701972082,2051.11861453579
"Bootstrap087","commercial",23,18,1,3,0.92,0.06,13,11,0.5,11.96,0.72,5963.46876036151,259.2812504505,331.303820020084,5963.46876036151
"Bootstrap087","education",820,661,12,12,0.83,0.04,68.33,55.08,1,56.71,2.27,53310.729410254,65.0130846466513,80.6516329958458,4442.56078418784
"Bootstrap087","factory/workplace",69,57,4,4.5,0.79,0.06,17.65,13.2,0.73,13.94,0.84,9452.1140639957,136.987160347764,165.82656252624,2363.02851599892
"Bootstrap087","hospital/clinic/care centre",30,26,1,3,0.84,0.01,15,12,0.33,12.6,0.13,5955.76400212722,198.525466737574,229.067846235662,5955.76400212722
"Bootstrap087","other",110,98.5,2.5,3,0.91,0.06,13.33,12.12,1.12,12.13,0.73,5991.83690696062,54.4712446087329,60.8308315427474,2396.73476278425
"Bootstrap088","commercial",20.5,17,0.5,2.5,0.83,0.02,10,8.38,0.12,8.3,0.17,4435.92866426609,216.386764110541,260.936980250947,8871.85732853219
"Bootstrap088","education",793,683.5,10.5,8,0.83,0.02,83.4,67.03,1.19,69.22,1.38,40063.0110233815,50.5208209626501,58.614500399973,3815.52485936967
"Bootstrap088","factory/workplace",123.5,99,8,5.5,0.83,0.07,18.12,15.12,1.38,15.04,1.05,11914.4847560488,96.473560777723,120.34833086918,1489.3105945061
"Bootstrap088","hospital/clinic/care centre",27,24,1,2.5,0.82,0.05,12.5,11.5,0.5,10.25,0.51,4734.16750237379,175.339537124955,197.256979265575,4734.16750237379
"Bootstrap088","other",77.5,61,3.5,2,0.88,0.05,38.82,18.05,0.77,34.16,1.71,6555.7765438052,84.5906650813574,107.471746619757,1873.07901251577
"Bootstrap089","commercial",13,12,1,2,0.89,0.07,13,11,0.5,11.57,0.81,3951.05786760988,303.927528277683,329.254822300823,3951.05786760988
"Bootstrap089","education",329,276,3,10,0.76,0.04,36.56,30.67,0.5,27.79,1.11,29377.2566384983,89.2925733692957,106.439335646733,9792.41887949942
"Bootstrap089","factory/workplace",103,92,4,7.5,0.88,0.07,14.49,12.35,0.88,12.75,0.89,15296.8258175015,148.512872014577,166.269845842407,3824.20645437537
"Bootstrap089","hospital/clinic/care centre",40,38,1,3,0.9,0.01,10.5,9.5,0.25,9.45,0.09,5471.84104866907,136.796026216727,143.995817070239,5471.84104866907
"Bootstrap089","other",202,155,4,4,0.82,0.04,20.2,15.5,1.8,16.56,0.66,8870.23416538957,43.9120503237107,57.2273171960617,2217.55854134739
"Bootstrap090","commercial",39,36,3,4,0.92,0.08,13,11,0.5,11.96,0.96,8012.95310544201,205.460336036975,222.582030706722,2670.98436848067
"Bootstrap090","education",302,224.5,3.5,6.5,0.75,0.02,42.95,31.94,0.65,32.21,0.64,20348.1818153427,67.3780854812671,90.6377809146667,5813.76623295505
"Bootstrap090","factory/workplace",101,92.5,6,4,0.8,0.08,24.49,21.26,1.6,19.59,1.57,9714.36157676658,96.1817977897682,105.020125154233,1619.06026279443
"Bootstrap090","hospital/clinic/care centre",34.5,24,0,2,0.93,0,12,12,0,11.16,0,3803.33419168822,110.241570773572,158.472257987009,Inf
"Bootstrap090","other",104,90,4,2,0.89,0.07,57,15,2,50.73,3.55,8431.05601653434,81.0678463128302,93.6784001837149,2107.76400413358
"Bootstrap091","commercial",13,11,0,2,0.88,0,13,11,0,11.44,0,3834.95438305284,294.996491004064,348.632216641167,Inf
"Bootstrap091","education",477,428.5,8,8,0.81,0.02,63.46,53.24,1.04,51.4,1.03,32824.1738458449,68.8137816474736,76.6025060579811,4103.02173073061
"Bootstrap091","factory/workplace",99.5,75.5,4,5.5,0.9,0.12,15.62,13.5,1.1,14.06,1.69,11851.81576231,119.113726254372,156.977692216026,2962.9539405775
"Bootstrap091","hospital/clinic/care centre",35,16,2,3,0.77,0.04,11.67,5.33,0.5,8.99,0.36,5469.8561649961,156.281604714174,341.866010312256,2734.92808249805
"Bootstrap091","other",47.5,42.5,2,1.5,0.81,0.06,30,15.5,1,24.3,1.46,3983.13617493633,83.8554984197123,93.7208511749726,1991.56808746817
"Bootstrap092","commercial",49,34,0,6,0.9,0,8,8,0,7.2,0,10240.8329628155,208.996591077868,301.200969494574,Inf
"Bootstrap092","education",392,314,4.5,5,0.78,0.03,38.93,30.27,0.62,30.37,0.91,15255.8298807642,38.9179333692965,48.5854454801408,3390.1844179476
"Bootstrap092","factory/workplace",83.5,71.5,6,5.5,0.83,0.07,12.16,10.11,0.98,10.09,0.71,10439.7398062827,125.026824027338,146.010346941017,1739.95663438046
"Bootstrap092","hospital/clinic/care centre",24,24,0,2,0.94,0,13.5,12,0,12.69,0,3953.65148819758,164.735478674899,164.735478674899,Inf
"Bootstrap092","other",98,98,1,3,0.87,0.04,57,49,1,49.59,1.98,12185.5560494196,124.342408667547,124.342408667547,12185.5560494196
"Bootstrap093","commercial",28,27,0.5,3.5,0.96,0.02,10.5,9.5,0.12,10.08,0.2,6510.73518438165,232.526256585059,241.138340162283,13021.4703687633
"Bootstrap093","education",623,561,6,8,0.83,0.02,48.29,35.86,0.5,40.08,0.8,28165.0849361008,45.2088040707878,50.2051424885932,4694.18082268347
"Bootstrap093","factory/workplace",132,95,6,5,0.86,0.08,22,17.4,1.2,18.92,1.51,11933.1500723806,90.4026520634894,125.612106025059,1988.85834539677
"Bootstrap093","hospital/clinic/care centre",49.5,28.5,0,2.5,0.91,0,12.25,12,0,11.15,0,4754.77994946015,96.0561605951546,166.834384191584,Inf
"Bootstrap093","other",122.5,103,3.5,2.5,0.86,0.06,45.83,24.17,1.5,39.41,2.36,8957.03473147394,73.118650869175,86.9615022473198,2559.15278042113
"Bootstrap094","commercial",66,50,3,5,0.76,0.06,16.5,12.5,0.75,12.54,0.75,10132.7348731771,153.526285957229,202.654697463543,3377.57829105905
"Bootstrap094","education",674.5,607,9.5,7,0.87,0.02,134.57,112.79,1.93,117.08,2.34,58538.683124689,86.7882626014663,96.4393461691747,6161.96664470411
"Bootstrap094","factory/workplace",91.5,67,3,5.5,0.79,0.07,15.42,12.17,0.83,12.18,0.85,11072.7409958687,121.013562796379,165.264790983114,3690.91366528956
"Bootstrap094","hospital/clinic/care centre",39,33,1,3,0.85,0.01,13,11,0.25,11.05,0.11,5719.40345469256,146.651370633143,173.315256202805,5719.40345469256
"Bootstrap094","other",57,49,1,2,0.75,0.03,49,19.7,0.5,36.75,1.1,6775.17196140304,118.862665989527,138.268815538838,6775.17196140304
"Bootstrap095","commercial",16,14,2,1,0.88,0.04,13,11,0.5,11.44,0.46,1947.02329098642,121.688955686651,139.073092213316,973.511645493209
"Bootstrap095","education",695.5,572,13,9.5,0.81,0.03,59.42,47.22,0.95,48.13,1.44,37680.417683919,54.1774517382014,65.8748560907676,2898.49366799377
"Bootstrap095","factory/workplace",66.5,48.5,4,4,0.83,0.09,14.91,11.9,1.07,12.38,1.11,8150.99877356601,122.571410128812,168.061830382804,2037.7496933915
"Bootstrap095","hospital/clinic/care centre",24,24,0,2,0.8,0,13,12,0,10.4,0,3738.5557435565,155.773155981521,155.773155981521,Inf
"Bootstrap095","other",186,141,3,4,0.76,0.04,39.4,15.67,1,29.94,1.2,12204.7839089981,65.6171177903122,86.5587511276458,4068.26130299935
"Bootstrap096","commercial",18,12,1,4,0.92,0.08,8,8,0.25,7.36,0.59,7008.46743141537,389.359301745298,584.038952617948,7008.46743141537
"Bootstrap096","education",706,531,13,9.5,0.82,0.04,100.81,78.69,2.17,82.66,3.31,55138.5108597221,78.0998737389832,103.839003502302,4241.42391228632
"Bootstrap096","factory/workplace",76.5,59,2.5,3.5,0.84,0.09,17.2,14.3,1.5,14.45,1.3,7533.31980186801,98.4747686518694,127.683386472339,3013.3279207472
"Bootstrap096","hospital/clinic/care centre",46,24,1,4,0.78,0.04,20,17.5,0.25,15.6,0.62,8679.72385755933,188.689649077377,361.655160731639,8679.72385755933
"Bootstrap096","other",74,30,1,2,0.43,0.01,9,9,0.06,3.87,0.04,3115.75512279807,42.1047989567307,103.858504093269,3115.75512279807
"Bootstrap097","commercial",59,46,2.5,2,0.82,0.06,15.5,12.25,0.67,12.71,0.76,4064.46932070831,68.8893105204799,88.3580287110503,1625.78772828333
"Bootstrap097","education",1056,767,18,12,0.86,0.04,62.12,45.12,1.33,53.42,2.14,51169.6675937561,48.4561246152993,66.7140385837758,2842.75931076423
"Bootstrap097","factory/workplace",141.5,131.5,4.5,4.5,0.91,0.04,26.79,25.56,1.33,24.38,0.98,11786.4268747516,83.2963030017777,89.6306226216848,2619.20597216701
"Bootstrap097","hospital/clinic/care centre",13,11,1,2,0.92,0.03,6.5,6.5,0.62,5.98,0.18,3315.15093530569,255.01161040813,301.377357755063,3315.15093530569
"Bootstrap097","other",125,96,3,3.5,0.78,0.03,29.94,16.56,1.69,23.35,0.7,8968.43708512239,71.7474966809791,93.4212196366916,2989.47902837413
"Bootstrap098","commercial",29.5,20,1.5,4,0.89,0.04,7.9,6.4,0.3,7.03,0.28,6866.51202219496,232.763119396439,343.325601109748,4577.67468146331
"Bootstrap098","education",521.5,454,14,8.5,0.87,0.03,46.72,39.15,1.17,40.65,1.22,30341.4389825187,58.1810910498921,66.8313633976183,2167.24564160848
"Bootstrap098","factory/workplace",61.5,46,3,4,0.78,0.07,12.3,10,1.2,9.59,0.67,7491.15681647725,121.807427910199,162.85123514081,2497.05227215908
"Bootstrap098","hospital/clinic/care centre",46,44,0,2,0.82,0,13.83,13.33,0,11.34,0,3830.38865364644,83.2693185575313,87.0542875828736,Inf
"Bootstrap098","other",271,209.5,12.5,6,0.77,0.03,46.4,36.05,2.02,35.73,1.07,19986.1195588094,73.7495186671933,95.3991387055341,1598.88956470475
"Bootstrap099","commercial",22.5,19,0,1.5,0.94,0,10.5,9.5,0,9.87,0,2756.44705129698,122.508757835421,145.076160594578,Inf
"Bootstrap099","education",789,725,11,9,0.78,0.04,32.88,30.21,0.78,25.65,1.03,25406.8298381487,32.2013052448019,35.0439032250327,2309.71180346806
"Bootstrap099","factory/workplace",79,66.5,7.5,3.5,0.8,0.04,18.95,15.55,1.1,15.16,0.61,7510.72565057068,95.0724765895022,112.943242865724,1001.43008674276
"Bootstrap099","hospital/clinic/care centre",30,20,1,2,0.87,0.02,10.33,9,0.33,8.99,0.18,3615.85434889378,120.528478296459,180.792717444689,3615.85434889378
"Bootstrap099","other",92,88,1,2,0.88,0.04,49,17.25,0.75,43.12,1.72,7445.2596355581,80.9267351691098,84.6052231313421,7445.2596355581
"Bootstrap100","commercial",68,52.5,4.5,4.5,0.92,0.1,13.38,10.69,0.75,12.31,1.23,9170.45168503856,134.859583603508,174.675270191211,2037.87815223079
"Bootstrap100","education",692,526.5,11.5,8,0.79,0.03,59.71,43.98,0.95,47.17,1.42,31371.241092656,45.3341634286936,59.5845034998214,2727.93400805704
"Bootstrap100","factory/workplace",50,44,4,7,0.87,0.06,15.33,11,0.57,13.34,0.8,14444.6391653486,288.892783306972,328.287253757923,3611.15979133715
"Bootstrap100","hospital/clinic/care centre",36,32,0,4,0.79,0,9,8,0,7.11,0,6821.87101829794,189.496417174943,213.183469321811,Inf
"Bootstrap100","other",110,102,2,6,0.93,0.04,27.5,25.5,1.43,25.58,1.02,16823.1068861941,152.937335329037,164.932420452883,8411.55344309703
